NO URUT;Jenis Kelamin;Usia;Pendidikan Terakhir;Lama Masa Bekerja di DJP;Lama sebagai AR;X1.1;X1.2;X1.3;X1.4;X1.5;X1.6;X1.7;X2.1;X2.2;X2.3;X2.4;X2.5;X2.6;X2.7;X2.8;Z1;Z2;Z3;Z4;Z5;Z6;Z7;M1;M2;M3;M4;M5;Y1;Y2;Y3;Y4;Y5
1.000000000000;Wanita;35 - 45 tahun;S1;10 - 15 tahun;5 - 10 tahun;4.000000000000;4.000000000000;4.000000000000;4.000000000000;3.000000000000;4.000000000000;4.000000000000;4.000000000000;4.000000000000;4.000000000000;4.000000000000;4.000000000000;4.000000000000;4.000000000000;4.000000000000;3.000000000000;4.000000000000;4.000000000000;4.000000000000;4.000000000000;4.000000000000;4.000000000000;4.000000000000;4.000000000000;4.000000000000;4.000000000000;4.000000000000;4.000000000000;3.000000000000;4.000000000000;4.000000000000;4.000000000000
2.000000000000;Pria;35 - 45 tahun;S1;20 - 25 tahun;5 - 10 tahun;3.000000000000;3.000000000000;3.000000000000;4.000000000000;4.000000000000;4.000000000000;3.000000000000;4.000000000000;4.000000000000;4.000000000000;4.000000000000;4.000000000000;4.000000000000;4.000000000000;4.000000000000;4.000000000000;3.000000000000;4.000000000000;4.000000000000;4.000000000000;4.000000000000;4.000000000000;4.000000000000;4.000000000000;4.000000000000;4.000000000000;4.000000000000;4.000000000000;4.000000000000;4.000000000000;4.000000000000;4.000000000000
3.000000000000;Pria;35 - 45 tahun;S1;15 - 20 tahun;5 - 10 tahun;3.000000000000;3.000000000000;4.000000000000;3.000000000000;3.000000000000;3.000000000000;3.000000000000;3.000000000000;3.000000000000;3.000000000000;3.000000000000;3.000000000000;3.000000000000;4.000000000000;3.000000000000;3.000000000000;3.000000000000;3.000000000000;3.000000000000;3.000000000000;3.000000000000;3.000000000000;3.000000000000;3.000000000000;4.000000000000;3.000000000000;3.000000000000;3.000000000000;4.000000000000;3.000000000000;3.000000000000;3.000000000000
4.000000000000;Pria;35 - 45 tahun;S1;10 - 15 tahun;5 - 10 tahun;3.000000000000;3.000000000000;3.000000000000;3.000000000000;3.000000000000;3.000000000000;3.000000000000;4.000000000000;3.000000000000;3.000000000000;3.000000000000;3.000000000000;3.000000000000;3.000000000000;3.000000000000;4.000000000000;3.000000000000;4.000000000000;3.000000000000;3.000000000000;3.000000000000;3.000000000000;3.000000000000;3.000000000000;3.000000000000;3.000000000000;4.000000000000;3.000000000000;3.000000000000;3.000000000000;3.000000000000;3.000000000000
5.000000000000;Pria;35 - 45 tahun;S1;20 - 25 tahun;10 - 15 tahun;4.000000000000;4.000000000000;3.000000000000;3.000000000000;3.000000000000;3.000000000000;4.000000000000;4.000000000000;4.000000000000;3.000000000000;4.000000000000;4.000000000000;3.000000000000;3.000000000000;4.000000000000;4.000000000000;3.000000000000;3.000000000000;3.000000000000;3.000000000000;4.000000000000;4.000000000000;4.000000000000;4.000000000000;3.000000000000;4.000000000000;3.000000000000;3.000000000000;4.000000000000;3.000000000000;3.000000000000;4.000000000000
6.000000000000;Wanita;35 - 45 tahun;S2;5 - 10 tahun;5 - 10 tahun;3.000000000000;3.000000000000;3.000000000000;3.000000000000;3.000000000000;4.000000000000;3.000000000000;4.000000000000;3.000000000000;3.000000000000;3.000000000000;4.000000000000;4.000000000000;3.000000000000;3.000000000000;3.000000000000;3.000000000000;3.000000000000;3.000000000000;3.000000000000;3.000000000000;4.000000000000;3.000000000000;3.000000000000;3.000000000000;3.000000000000;4.000000000000;3.000000000000;3.000000000000;3.000000000000;4.000000000000;3.000000000000
7.000000000000;Pria;35 - 45 tahun;S1;15 - 20 tahun;5 - 10 tahun;3.000000000000;3.000000000000;3.000000000000;3.000000000000;3.000000000000;3.000000000000;3.000000000000;4.000000000000;3.000000000000;3.000000000000;4.000000000000;3.000000000000;4.000000000000;3.000000000000;3.000000000000;3.000000000000;3.000000000000;3.000000000000;3.000000000000;3.000000000000;4.000000000000;3.000000000000;3.000000000000;3.000000000000;3.000000000000;3.000000000000;3.000000000000;4.000000000000;3.000000000000;3.000000000000;4.000000000000;3.000000000000
8.000000000000;Pria;35 - 45 tahun;S1;15 - 20 tahun;5 - 10 tahun;4.000000000000;4.000000000000;3.000000000000;4.000000000000;3.000000000000;3.000000000000;4.000000000000;4.000000000000;4.000000000000;4.000000000000;3.000000000000;3.000000000000;4.000000000000;3.000000000000;4.000000000000;3.000000000000;3.000000000000;4.000000000000;3.000000000000;4.000000000000;4.000000000000;4.000000000000;4.000000000000;4.000000000000;4.000000000000;4.000000000000;4.000000000000;3.000000000000;3.000000000000;4.000000000000;4.000000000000;4.000000000000
9.000000000000;Pria;35 - 45 tahun;S2;15 - 20 tahun;5 - 10 tahun;3.000000000000;4.000000000000;3.000000000000;3.000000000000;3.000000000000;3.000000000000;3.000000000000;4.000000000000;4.000000000000;4.000000000000;4.000000000000;3.000000000000;4.000000000000;4.000000000000;4.000000000000;4.000000000000;3.000000000000;4.000000000000;3.000000000000;3.000000000000;4.000000000000;4.000000000000;4.000000000000;4.000000000000;4.000000000000;3.000000000000;3.000000000000;3.000000000000;3.000000000000;3.000000000000;3.000000000000;4.000000000000
10.000000000000;Pria;35 - 45 tahun;S1;10 - 15 tahun;10 - 15 tahun;4.000000000000;4.000000000000;3.000000000000;4.000000000000;4.000000000000;4.000000000000;4.000000000000;4.000000000000;4.000000000000;4.000000000000;4.000000000000;4.000000000000;3.000000000000;4.000000000000;4.000000000000;4.000000000000;4.000000000000;4.000000000000;4.000000000000;4.000000000000;3.000000000000;4.000000000000;4.000000000000;4.000000000000;4.000000000000;4.000000000000;4.000000000000;4.000000000000;4.000000000000;4.000000000000;4.000000000000;4.000000000000
11.000000000000;Wanita;35 - 45 tahun;S1;15 - 20 tahun;10 - 15 tahun;3.000000000000;3.000000000000;3.000000000000;3.000000000000;3.000000000000;3.000000000000;4.000000000000;4.000000000000;3.000000000000;4.000000000000;3.000000000000;3.000000000000;4.000000000000;3.000000000000;3.000000000000;4.000000000000;3.000000000000;3.000000000000;3.000000000000;4.000000000000;3.000000000000;3.000000000000;3.000000000000;3.000000000000;3.000000000000;4.000000000000;3.000000000000;3.000000000000;3.000000000000;3.000000000000;4.000000000000;3.000000000000
12.000000000000;Wanita;35 - 45 tahun;S1;15 - 20 tahun;< 5 tahun;4.000000000000;3.000000000000;3.000000000000;4.000000000000;3.000000000000;3.000000000000;3.000000000000;3.000000000000;4.000000000000;3.000000000000;3.000000000000;3.000000000000;3.000000000000;3.000000000000;3.000000000000;3.000000000000;3.000000000000;3.000000000000;3.000000000000;3.000000000000;3.000000000000;3.000000000000;3.000000000000;3.000000000000;3.000000000000;3.000000000000;3.000000000000;3.000000000000;3.000000000000;3.000000000000;3.000000000000;3.000000000000
13.000000000000;Pria;25 - 35 tahun;S1;10 - 15 tahun;5 - 10 tahun;4.000000000000;4.000000000000;4.000000000000;4.000000000000;4.000000000000;4.000000000000;4.000000000000;4.000000000000;3.000000000000;4.000000000000;4.000000000000;4.000000000000;4.000000000000;4.000000000000;4.000000000000;4.000000000000;3.000000000000;4.000000000000;4.000000000000;4.000000000000;4.000000000000;4.000000000000;4.000000000000;4.000000000000;4.000000000000;4.000000000000;4.000000000000;4.000000000000;4.000000000000;4.000000000000;4.000000000000;4.000000000000
14.000000000000;Pria;25 - 35 tahun;S1;10 - 15 tahun;5 - 10 tahun;3.000000000000;3.000000000000;3.000000000000;3.000000000000;3.000000000000;3.000000000000;3.000000000000;3.000000000000;3.000000000000;3.000000000000;3.000000000000;4.000000000000;3.000000000000;3.000000000000;3.000000000000;4.000000000000;3.000000000000;3.000000000000;3.000000000000;3.000000000000;3.000000000000;3.000000000000;3.000000000000;4.000000000000;3.000000000000;3.000000000000;4.000000000000;3.000000000000;3.000000000000;3.000000000000;3.000000000000;4.000000000000
15.000000000000;Pria;35 - 45 tahun;S1;15 - 20 tahun;5 - 10 tahun;4.000000000000;4.000000000000;4.000000000000;4.000000000000;4.000000000000;3.000000000000;4.000000000000;4.000000000000;4.000000000000;4.000000000000;4.000000000000;4.000000000000;4.000000000000;4.000000000000;4.000000000000;4.000000000000;4.000000000000;4.000000000000;4.000000000000;4.000000000000;4.000000000000;4.000000000000;4.000000000000;4.000000000000;4.000000000000;4.000000000000;4.000000000000;4.000000000000;4.000000000000;4.000000000000;4.000000000000;4.000000000000
16.000000000000;Pria;35 - 45 tahun;S2;10 - 15 tahun;5 - 10 tahun;4.000000000000;4.000000000000;4.000000000000;4.000000000000;4.000000000000;4.000000000000;3.000000000000;4.000000000000;4.000000000000;4.000000000000;4.000000000000;4.000000000000;4.000000000000;4.000000000000;4.000000000000;4.000000000000;4.000000000000;4.000000000000;4.000000000000;4.000000000000;4.000000000000;4.000000000000;3.000000000000;4.000000000000;4.000000000000;4.000000000000;4.000000000000;4.000000000000;4.000000000000;4.000000000000;4.000000000000;4.000000000000
17.000000000000;Pria;35 - 45 tahun;DIII;15 - 20 tahun;10 - 15 tahun;4.000000000000;4.000000000000;4.000000000000;4.000000000000;4.000000000000;4.000000000000;4.000000000000;4.000000000000;4.000000000000;4.000000000000;3.000000000000;4.000000000000;4.000000000000;4.000000000000;4.000000000000;4.000000000000;4.000000000000;4.000000000000;4.000000000000;4.000000000000;4.000000000000;4.000000000000;4.000000000000;4.000000000000;4.000000000000;3.000000000000;4.000000000000;4.000000000000;4.000000000000;4.000000000000;4.000000000000;4.000000000000
18.000000000000;Wanita;35 - 45 tahun;S1;15 - 20 tahun;5 - 10 tahun;3.000000000000;3.000000000000;3.000000000000;3.000000000000;3.000000000000;3.000000000000;3.000000000000;3.000000000000;3.000000000000;3.000000000000;3.000000000000;4.000000000000;3.000000000000;3.000000000000;3.000000000000;3.000000000000;3.000000000000;3.000000000000;3.000000000000;3.000000000000;3.000000000000;4.000000000000;3.000000000000;3.000000000000;3.000000000000;3.000000000000;4.000000000000;4.000000000000;4.000000000000;3.000000000000;3.000000000000;4.000000000000
19.000000000000;Pria;45 - 55 tahun;S2;20 - 25 tahun;10 - 15 tahun;4.000000000000;4.000000000000;4.000000000000;3.000000000000;3.000000000000;3.000000000000;3.000000000000;4.000000000000;4.000000000000;4.000000000000;4.000000000000;3.000000000000;4.000000000000;3.000000000000;4.000000000000;4.000000000000;4.000000000000;4.000000000000;4.000000000000;3.000000000000;4.000000000000;4.000000000000;4.000000000000;4.000000000000;4.000000000000;4.000000000000;4.000000000000;4.000000000000;4.000000000000;4.000000000000;4.000000000000;4.000000000000
20.000000000000;Pria;35 - 45 tahun;S2;10 - 15 tahun;10 - 15 tahun;4.000000000000;3.000000000000;4.000000000000;4.000000000000;4.000000000000;4.000000000000;4.000000000000;4.000000000000;4.000000000000;4.000000000000;4.000000000000;4.000000000000;4.000000000000;4.000000000000;4.000000000000;3.000000000000;4.000000000000;4.000000000000;4.000000000000;4.000000000000;4.000000000000;4.000000000000;4.000000000000;4.000000000000;4.000000000000;4.000000000000;4.000000000000;4.000000000000;3.000000000000;4.000000000000;4.000000000000;4.000000000000
21.000000000000;Pria;35 - 45 tahun;S2;20 - 25 tahun;10 - 15 tahun;4.000000000000;4.000000000000;4.000000000000;4.000000000000;4.000000000000;3.000000000000;4.000000000000;4.000000000000;4.000000000000;4.000000000000;4.000000000000;4.000000000000;4.000000000000;4.000000000000;4.000000000000;4.000000000000;4.000000000000;4.000000000000;4.000000000000;3.000000000000;3.000000000000;4.000000000000;4.000000000000;4.000000000000;4.000000000000;4.000000000000;4.000000000000;3.000000000000;4.000000000000;3.000000000000;4.000000000000;4.000000000000
22.000000000000;Wanita;35 - 45 tahun;S1;10 - 15 tahun;5 - 10 tahun;4.000000000000;4.000000000000;4.000000000000;4.000000000000;4.000000000000;4.000000000000;4.000000000000;4.000000000000;4.000000000000;4.000000000000;4.000000000000;4.000000000000;4.000000000000;4.000000000000;4.000000000000;4.000000000000;4.000000000000;4.000000000000;4.000000000000;4.000000000000;4.000000000000;4.000000000000;4.000000000000;4.000000000000;4.000000000000;4.000000000000;4.000000000000;3.000000000000;3.000000000000;3.000000000000;4.000000000000;4.000000000000
23.000000000000;Pria;35 - 45 tahun;S2;15 - 20 tahun;5 - 10 tahun;4.000000000000;4.000000000000;4.000000000000;4.000000000000;4.000000000000;4.000000000000;4.000000000000;4.000000000000;3.000000000000;4.000000000000;4.000000000000;4.000000000000;4.000000000000;3.000000000000;4.000000000000;4.000000000000;4.000000000000;4.000000000000;4.000000000000;3.000000000000;4.000000000000;4.000000000000;4.000000000000;4.000000000000;4.000000000000;4.000000000000;4.000000000000;4.000000000000;4.000000000000;4.000000000000;3.000000000000;4.000000000000
24.000000000000;Pria;35 - 45 tahun;S1;15 - 20 tahun;10 - 15 tahun;3.000000000000;3.000000000000;3.000000000000;3.000000000000;3.000000000000;3.000000000000;3.000000000000;3.000000000000;3.000000000000;3.000000000000;3.000000000000;3.000000000000;3.000000000000;3.000000000000;3.000000000000;3.000000000000;3.000000000000;3.000000000000;3.000000000000;3.000000000000;3.000000000000;3.000000000000;3.000000000000;3.000000000000;4.000000000000;3.000000000000;3.000000000000;4.000000000000;3.000000000000;3.000000000000;4.000000000000;4.000000000000
25.000000000000;Pria;35 - 45 tahun;S1;15 - 20 tahun;5 - 10 tahun;3.000000000000;4.000000000000;4.000000000000;4.000000000000;4.000000000000;4.000000000000;4.000000000000;4.000000000000;4.000000000000;4.000000000000;4.000000000000;4.000000000000;4.000000000000;4.000000000000;4.000000000000;4.000000000000;4.000000000000;4.000000000000;4.000000000000;4.000000000000;4.000000000000;4.000000000000;4.000000000000;4.000000000000;4.000000000000;4.000000000000;4.000000000000;4.000000000000;4.000000000000;4.000000000000;4.000000000000;4.000000000000
26.000000000000;Pria;35 - 45 tahun;S1;20 - 25 tahun;5 - 10 tahun;4.000000000000;4.000000000000;4.000000000000;4.000000000000;4.000000000000;4.000000000000;4.000000000000;4.000000000000;4.000000000000;4.000000000000;4.000000000000;4.000000000000;4.000000000000;4.000000000000;4.000000000000;4.000000000000;4.000000000000;3.000000000000;4.000000000000;4.000000000000;4.000000000000;4.000000000000;4.000000000000;4.000000000000;4.000000000000;4.000000000000;4.000000000000;4.000000000000;4.000000000000;4.000000000000;4.000000000000;4.000000000000
27.000000000000;Wanita;45 - 55 tahun;S1;20 - 25 tahun;15 - 20 tahun;4.000000000000;4.000000000000;4.000000000000;4.000000000000;4.000000000000;4.000000000000;4.000000000000;4.000000000000;4.000000000000;4.000000000000;4.000000000000;4.000000000000;4.000000000000;3.000000000000;4.000000000000;4.000000000000;4.000000000000;4.000000000000;4.000000000000;4.000000000000;4.000000000000;4.000000000000;4.000000000000;4.000000000000;4.000000000000;4.000000000000;4.000000000000;4.000000000000;4.000000000000;4.000000000000;4.000000000000;4.000000000000
28.000000000000;Pria;35 - 45 tahun;DIII;15 - 20 tahun;10 - 15 tahun;4.000000000000;4.000000000000;4.000000000000;4.000000000000;4.000000000000;4.000000000000;4.000000000000;4.000000000000;4.000000000000;4.000000000000;4.000000000000;4.000000000000;4.000000000000;4.000000000000;3.000000000000;4.000000000000;4.000000000000;4.000000000000;4.000000000000;4.000000000000;4.000000000000;4.000000000000;4.000000000000;4.000000000000;4.000000000000;4.000000000000;3.000000000000;3.000000000000;4.000000000000;4.000000000000;4.000000000000;4.000000000000
29.000000000000;Wanita;25 - 35 tahun;S1;5 - 10 tahun;< 5 tahun;4.000000000000;4.000000000000;4.000000000000;4.000000000000;4.000000000000;4.000000000000;4.000000000000;4.000000000000;4.000000000000;4.000000000000;4.000000000000;4.000000000000;4.000000000000;4.000000000000;4.000000000000;4.000000000000;4.000000000000;4.000000000000;4.000000000000;4.000000000000;4.000000000000;4.000000000000;4.000000000000;4.000000000000;4.000000000000;4.000000000000;4.000000000000;4.000000000000;3.000000000000;4.000000000000;4.000000000000;4.000000000000
30.000000000000;Wanita;45 - 55 tahun;S2;15 - 20 tahun;15 - 20 tahun;4.000000000000;4.000000000000;4.000000000000;4.000000000000;4.000000000000;4.000000000000;4.000000000000;3.000000000000;4.000000000000;4.000000000000;4.000000000000;4.000000000000;4.000000000000;4.000000000000;4.000000000000;3.000000000000;4.000000000000;4.000000000000;4.000000000000;4.000000000000;4.000000000000;3.000000000000;4.000000000000;4.000000000000;4.000000000000;4.000000000000;4.000000000000;4.000000000000;4.000000000000;4.000000000000;4.000000000000;4.000000000000
31.000000000000;Pria;25 - 35 tahun;S1;5 - 10 tahun;< 5 tahun;4.000000000000;4.000000000000;3.000000000000;4.000000000000;3.000000000000;3.000000000000;3.000000000000;4.000000000000;4.000000000000;4.000000000000;4.000000000000;3.000000000000;3.000000000000;3.000000000000;3.000000000000;3.000000000000;3.000000000000;3.000000000000;3.000000000000;3.000000000000;3.000000000000;3.000000000000;3.000000000000;3.000000000000;3.000000000000;3.000000000000;3.000000000000;4.000000000000;4.000000000000;3.000000000000;4.000000000000;4.000000000000
32.000000000000;Pria;25 - 35 tahun;S1;5 - 10 tahun;< 5 tahun;4.000000000000;4.000000000000;4.000000000000;4.000000000000;4.000000000000;4.000000000000;4.000000000000;4.000000000000;4.000000000000;4.000000000000;4.000000000000;4.000000000000;4.000000000000;3.000000000000;4.000000000000;4.000000000000;4.000000000000;4.000000000000;4.000000000000;4.000000000000;4.000000000000;4.000000000000;4.000000000000;4.000000000000;4.000000000000;4.000000000000;4.000000000000;4.000000000000;4.000000000000;4.000000000000;4.000000000000;4.000000000000
33.000000000000;Pria;35 - 45 tahun;S1;20 - 25 tahun;5 - 10 tahun;3.000000000000;3.000000000000;3.000000000000;3.000000000000;3.000000000000;3.000000000000;4.000000000000;3.000000000000;3.000000000000;3.000000000000;3.000000000000;3.000000000000;3.000000000000;3.000000000000;3.000000000000;3.000000000000;3.000000000000;3.000000000000;4.000000000000;3.000000000000;3.000000000000;3.000000000000;3.000000000000;3.000000000000;3.000000000000;3.000000000000;3.000000000000;3.000000000000;4.000000000000;3.000000000000;3.000000000000;3.000000000000
34.000000000000;Wanita;35 - 45 tahun;S1;10 - 15 tahun;5 - 10 tahun;4.000000000000;4.000000000000;3.000000000000;4.000000000000;4.000000000000;3.000000000000;3.000000000000;4.000000000000;4.000000000000;4.000000000000;3.000000000000;3.000000000000;3.000000000000;3.000000000000;3.000000000000;4.000000000000;4.000000000000;4.000000000000;4.000000000000;4.000000000000;4.000000000000;4.000000000000;4.000000000000;4.000000000000;4.000000000000;4.000000000000;3.000000000000;4.000000000000;4.000000000000;4.000000000000;4.000000000000;4.000000000000
35.000000000000;Pria;35 - 45 tahun;S1;20 - 25 tahun;10 - 15 tahun;4.000000000000;4.000000000000;4.000000000000;4.000000000000;4.000000000000;4.000000000000;3.000000000000;4.000000000000;4.000000000000;4.000000000000;4.000000000000;4.000000000000;4.000000000000;4.000000000000;4.000000000000;4.000000000000;4.000000000000;3.000000000000;4.000000000000;4.000000000000;4.000000000000;4.000000000000;4.000000000000;4.000000000000;4.000000000000;4.000000000000;4.000000000000;4.000000000000;4.000000000000;4.000000000000;4.000000000000;4.000000000000
36.000000000000;Pria;35 - 45 tahun;S2;15 - 20 tahun;< 5 tahun;4.000000000000;4.000000000000;4.000000000000;4.000000000000;4.000000000000;3.000000000000;3.000000000000;4.000000000000;4.000000000000;4.000000000000;4.000000000000;4.000000000000;4.000000000000;4.000000000000;4.000000000000;3.000000000000;3.000000000000;3.000000000000;3.000000000000;3.000000000000;3.000000000000;3.000000000000;3.000000000000;3.000000000000;3.000000000000;3.000000000000;3.000000000000;3.000000000000;3.000000000000;3.000000000000;4.000000000000;4.000000000000
37.000000000000;Pria;45 - 55 tahun;S1;20 - 25 tahun;15 - 20 tahun;3.000000000000;3.000000000000;3.000000000000;3.000000000000;3.000000000000;3.000000000000;3.000000000000;3.000000000000;3.000000000000;3.000000000000;3.000000000000;3.000000000000;3.000000000000;3.000000000000;3.000000000000;3.000000000000;3.000000000000;3.000000000000;3.000000000000;4.000000000000;3.000000000000;3.000000000000;3.000000000000;4.000000000000;3.000000000000;3.000000000000;3.000000000000;3.000000000000;4.000000000000;4.000000000000;3.000000000000;3.000000000000
38.000000000000;Pria;35 - 45 tahun;S1;15 - 20 tahun;5 - 10 tahun;3.000000000000;3.000000000000;3.000000000000;3.000000000000;3.000000000000;3.000000000000;3.000000000000;3.000000000000;3.000000000000;3.000000000000;3.000000000000;3.000000000000;3.000000000000;3.000000000000;3.000000000000;3.000000000000;3.000000000000;3.000000000000;3.000000000000;3.000000000000;3.000000000000;3.000000000000;3.000000000000;3.000000000000;3.000000000000;3.000000000000;3.000000000000;3.000000000000;3.000000000000;3.000000000000;3.000000000000;3.000000000000
39.000000000000;Pria;35 - 45 tahun;S2;15 - 20 tahun;5 - 10 tahun;3.000000000000;3.000000000000;3.000000000000;3.000000000000;3.000000000000;3.000000000000;3.000000000000;4.000000000000;4.000000000000;3.000000000000;3.000000000000;3.000000000000;3.000000000000;3.000000000000;3.000000000000;3.000000000000;3.000000000000;3.000000000000;3.000000000000;3.000000000000;3.000000000000;3.000000000000;3.000000000000;3.000000000000;3.000000000000;3.000000000000;3.000000000000;3.000000000000;3.000000000000;3.000000000000;3.000000000000;3.000000000000
40.000000000000;Wanita;45 - 55 tahun;S2;20 - 25 tahun;15 - 20 tahun;4.000000000000;4.000000000000;4.000000000000;4.000000000000;4.000000000000;3.000000000000;4.000000000000;4.000000000000;4.000000000000;4.000000000000;4.000000000000;4.000000000000;3.000000000000;3.000000000000;3.000000000000;4.000000000000;4.000000000000;4.000000000000;4.000000000000;4.000000000000;4.000000000000;4.000000000000;4.000000000000;4.000000000000;4.000000000000;4.000000000000;4.000000000000;4.000000000000;4.000000000000;4.000000000000;4.000000000000;4.000000000000
41.000000000000;Pria;35 - 45 tahun;S1;10 - 15 tahun;5 - 10 tahun;4.000000000000;4.000000000000;4.000000000000;4.000000000000;4.000000000000;4.000000000000;4.000000000000;4.000000000000;4.000000000000;4.000000000000;4.000000000000;3.000000000000;4.000000000000;4.000000000000;4.000000000000;4.000000000000;4.000000000000;4.000000000000;4.000000000000;4.000000000000;4.000000000000;4.000000000000;4.000000000000;4.000000000000;4.000000000000;4.000000000000;4.000000000000;4.000000000000;4.000000000000;4.000000000000;4.000000000000;4.000000000000
42.000000000000;Pria;35 - 45 tahun;S1;15 - 20 tahun;10 - 15 tahun;4.000000000000;4.000000000000;4.000000000000;4.000000000000;4.000000000000;4.000000000000;4.000000000000;4.000000000000;4.000000000000;4.000000000000;4.000000000000;4.000000000000;3.000000000000;4.000000000000;4.000000000000;4.000000000000;4.000000000000;4.000000000000;4.000000000000;4.000000000000;4.000000000000;4.000000000000;3.000000000000;4.000000000000;4.000000000000;4.000000000000;4.000000000000;4.000000000000;4.000000000000;4.000000000000;4.000000000000;4.000000000000
43.000000000000;Pria;35 - 45 tahun;S1;15 - 20 tahun;< 5 tahun;3.000000000000;3.000000000000;3.000000000000;3.000000000000;3.000000000000;3.000000000000;4.000000000000;3.000000000000;3.000000000000;3.000000000000;3.000000000000;3.000000000000;3.000000000000;3.000000000000;3.000000000000;3.000000000000;3.000000000000;3.000000000000;3.000000000000;3.000000000000;3.000000000000;3.000000000000;3.000000000000;3.000000000000;3.000000000000;3.000000000000;3.000000000000;3.000000000000;3.000000000000;3.000000000000;3.000000000000;3.000000000000
44.000000000000;Wanita;45 - 55 tahun;S1;20 - 25 tahun;10 - 15 tahun;4.000000000000;4.000000000000;4.000000000000;4.000000000000;4.000000000000;4.000000000000;3.000000000000;4.000000000000;4.000000000000;4.000000000000;4.000000000000;3.000000000000;3.000000000000;3.000000000000;4.000000000000;4.000000000000;4.000000000000;4.000000000000;4.000000000000;4.000000000000;3.000000000000;4.000000000000;4.000000000000;4.000000000000;4.000000000000;4.000000000000;4.000000000000;4.000000000000;4.000000000000;4.000000000000;4.000000000000;4.000000000000
45.000000000000;Pria;45 - 55 tahun;DIII;20 - 25 tahun;10 - 15 tahun;4.000000000000;4.000000000000;4.000000000000;4.000000000000;4.000000000000;4.000000000000;4.000000000000;4.000000000000;3.000000000000;4.000000000000;4.000000000000;4.000000000000;4.000000000000;4.000000000000;4.000000000000;3.000000000000;4.000000000000;4.000000000000;4.000000000000;4.000000000000;4.000000000000;4.000000000000;4.000000000000;4.000000000000;4.000000000000;3.000000000000;4.000000000000;4.000000000000;4.000000000000;4.000000000000;4.000000000000;4.000000000000
46.000000000000;Wanita;35 - 45 tahun;S1;15 - 20 tahun;5 - 10 tahun;3.000000000000;3.000000000000;3.000000000000;3.000000000000;3.000000000000;3.000000000000;3.000000000000;3.000000000000;3.000000000000;3.000000000000;3.000000000000;3.000000000000;3.000000000000;3.000000000000;3.000000000000;3.000000000000;3.000000000000;3.000000000000;3.000000000000;3.000000000000;3.000000000000;3.000000000000;3.000000000000;3.000000000000;3.000000000000;3.000000000000;3.000000000000;3.000000000000;3.000000000000;3.000000000000;3.000000000000;3.000000000000
47.000000000000;Wanita;35 - 45 tahun;S1;15 - 20 tahun;10 - 15 tahun;3.000000000000;3.000000000000;3.000000000000;3.000000000000;3.000000000000;3.000000000000;3.000000000000;3.000000000000;3.000000000000;3.000000000000;3.000000000000;3.000000000000;3.000000000000;3.000000000000;3.000000000000;3.000000000000;3.000000000000;3.000000000000;3.000000000000;4.000000000000;3.000000000000;3.000000000000;3.000000000000;3.000000000000;3.000000000000;3.000000000000;3.000000000000;3.000000000000;3.000000000000;3.000000000000;3.000000000000;3.000000000000
48.000000000000;Pria;35 - 45 tahun;S1;15 - 20 tahun;5 - 10 tahun;4.000000000000;4.000000000000;4.000000000000;4.000000000000;3.000000000000;4.000000000000;4.000000000000;4.000000000000;4.000000000000;4.000000000000;4.000000000000;4.000000000000;4.000000000000;4.000000000000;4.000000000000;4.000000000000;4.000000000000;4.000000000000;4.000000000000;3.000000000000;4.000000000000;4.000000000000;4.000000000000;4.000000000000;4.000000000000;4.000000000000;4.000000000000;4.000000000000;4.000000000000;4.000000000000;4.000000000000;4.000000000000
49.000000000000;Pria;25 - 35 tahun;DIII;10 - 15 tahun;5 - 10 tahun;3.000000000000;3.000000000000;3.000000000000;3.000000000000;3.000000000000;3.000000000000;3.000000000000;3.000000000000;3.000000000000;3.000000000000;3.000000000000;3.000000000000;3.000000000000;3.000000000000;3.000000000000;4.000000000000;4.000000000000;4.000000000000;3.000000000000;3.000000000000;4.000000000000;3.000000000000;4.000000000000;4.000000000000;4.000000000000;3.000000000000;3.000000000000;3.000000000000;3.000000000000;3.000000000000;3.000000000000;4.000000000000
50.000000000000;Pria;35 - 45 tahun;S2;10 - 15 tahun;10 - 15 tahun;4.000000000000;4.000000000000;4.000000000000;4.000000000000;4.000000000000;4.000000000000;4.000000000000;4.000000000000;4.000000000000;4.000000000000;4.000000000000;4.000000000000;4.000000000000;4.000000000000;4.000000000000;4.000000000000;4.000000000000;4.000000000000;3.000000000000;4.000000000000;4.000000000000;4.000000000000;4.000000000000;4.000000000000;4.000000000000;4.000000000000;4.000000000000;4.000000000000;4.000000000000;4.000000000000;4.000000000000;4.000000000000
51.000000000000;Pria;35 - 45 tahun;S1;15 - 20 tahun;5 - 10 tahun;4.000000000000;4.000000000000;4.000000000000;4.000000000000;4.000000000000;4.000000000000;3.000000000000;4.000000000000;4.000000000000;4.000000000000;4.000000000000;4.000000000000;4.000000000000;3.000000000000;3.000000000000;4.000000000000;4.000000000000;3.000000000000;3.000000000000;4.000000000000;3.000000000000;3.000000000000;4.000000000000;4.000000000000;4.000000000000;3.000000000000;3.000000000000;4.000000000000;4.000000000000;3.000000000000;4.000000000000;4.000000000000
52.000000000000;Wanita;35 - 45 tahun;S1;15 - 20 tahun;10 - 15 tahun;3.000000000000;3.000000000000;3.000000000000;3.000000000000;3.000000000000;3.000000000000;3.000000000000;3.000000000000;3.000000000000;3.000000000000;3.000000000000;3.000000000000;3.000000000000;3.000000000000;3.000000000000;3.000000000000;3.000000000000;3.000000000000;3.000000000000;4.000000000000;3.000000000000;3.000000000000;3.000000000000;3.000000000000;3.000000000000;3.000000000000;3.000000000000;3.000000000000;3.000000000000;3.000000000000;3.000000000000;3.000000000000
53.000000000000;Wanita;35 - 45 tahun;S1;15 - 20 tahun;10 - 15 tahun;3.000000000000;3.000000000000;3.000000000000;3.000000000000;3.000000000000;3.000000000000;3.000000000000;3.000000000000;3.000000000000;3.000000000000;3.000000000000;3.000000000000;3.000000000000;3.000000000000;3.000000000000;3.000000000000;3.000000000000;3.000000000000;4.000000000000;3.000000000000;3.000000000000;3.000000000000;3.000000000000;3.000000000000;3.000000000000;3.000000000000;3.000000000000;4.000000000000;3.000000000000;3.000000000000;3.000000000000;3.000000000000
54.000000000000;Wanita;45 - 55 tahun;S1;20 - 25 tahun;5 - 10 tahun;4.000000000000;4.000000000000;3.000000000000;3.000000000000;3.000000000000;3.000000000000;3.000000000000;4.000000000000;4.000000000000;3.000000000000;3.000000000000;3.000000000000;3.000000000000;3.000000000000;3.000000000000;3.000000000000;3.000000000000;3.000000000000;3.000000000000;3.000000000000;3.000000000000;3.000000000000;3.000000000000;3.000000000000;3.000000000000;3.000000000000;3.000000000000;3.000000000000;3.000000000000;3.000000000000;3.000000000000;3.000000000000
55.000000000000;Wanita;25 - 35 tahun;DIII;< 5 tahun;< 5 tahun;3.000000000000;3.000000000000;3.000000000000;3.000000000000;3.000000000000;3.000000000000;3.000000000000;3.000000000000;3.000000000000;3.000000000000;3.000000000000;3.000000000000;3.000000000000;3.000000000000;3.000000000000;3.000000000000;3.000000000000;4.000000000000;3.000000000000;3.000000000000;3.000000000000;3.000000000000;3.000000000000;3.000000000000;4.000000000000;4.000000000000;3.000000000000;3.000000000000;3.000000000000;3.000000000000;3.000000000000;3.000000000000
56.000000000000;Pria;45 - 55 tahun;S2;20 - 25 tahun;5 - 10 tahun;4.000000000000;4.000000000000;4.000000000000;4.000000000000;4.000000000000;4.000000000000;4.000000000000;4.000000000000;3.000000000000;4.000000000000;4.000000000000;4.000000000000;3.000000000000;4.000000000000;4.000000000000;4.000000000000;4.000000000000;4.000000000000;4.000000000000;4.000000000000;4.000000000000;4.000000000000;4.000000000000;4.000000000000;4.000000000000;4.000000000000;4.000000000000;4.000000000000;4.000000000000;4.000000000000;4.000000000000;4.000000000000
57.000000000000;Pria;35 - 45 tahun;S2;15 - 20 tahun;5 - 10 tahun;4.000000000000;4.000000000000;4.000000000000;4.000000000000;4.000000000000;3.000000000000;4.000000000000;4.000000000000;4.000000000000;4.000000000000;4.000000000000;4.000000000000;4.000000000000;4.000000000000;4.000000000000;4.000000000000;4.000000000000;4.000000000000;4.000000000000;4.000000000000;4.000000000000;4.000000000000;4.000000000000;4.000000000000;4.000000000000;4.000000000000;4.000000000000;4.000000000000;4.000000000000;4.000000000000;4.000000000000;4.000000000000
58.000000000000;Wanita;45 - 55 tahun;S2;20 - 25 tahun;15 - 20 tahun;4.000000000000;4.000000000000;4.000000000000;4.000000000000;4.000000000000;4.000000000000;4.000000000000;4.000000000000;4.000000000000;4.000000000000;4.000000000000;4.000000000000;4.000000000000;3.000000000000;4.000000000000;4.000000000000;4.000000000000;4.000000000000;4.000000000000;4.000000000000;4.000000000000;4.000000000000;4.000000000000;4.000000000000;4.000000000000;4.000000000000;4.000000000000;4.000000000000;4.000000000000;4.000000000000;4.000000000000;4.000000000000
59.000000000000;Pria;45 - 55 tahun;S1;10 - 15 tahun;10 - 15 tahun;4.000000000000;4.000000000000;3.000000000000;4.000000000000;3.000000000000;3.000000000000;4.000000000000;3.000000000000;3.000000000000;3.000000000000;3.000000000000;3.000000000000;3.000000000000;4.000000000000;3.000000000000;3.000000000000;3.000000000000;3.000000000000;3.000000000000;3.000000000000;3.000000000000;4.000000000000;3.000000000000;3.000000000000;3.000000000000;3.000000000000;3.000000000000;3.000000000000;3.000000000000;3.000000000000;3.000000000000;3.000000000000
60.000000000000;Wanita;35 - 45 tahun;S2;10 - 15 tahun;5 - 10 tahun;4.000000000000;4.000000000000;4.000000000000;4.000000000000;4.000000000000;4.000000000000;4.000000000000;4.000000000000;4.000000000000;4.000000000000;4.000000000000;4.000000000000;4.000000000000;4.000000000000;4.000000000000;4.000000000000;3.000000000000;4.000000000000;4.000000000000;4.000000000000;4.000000000000;4.000000000000;4.000000000000;4.000000000000;4.000000000000;4.000000000000;4.000000000000;4.000000000000;4.000000000000;4.000000000000;4.000000000000;4.000000000000
61.000000000000;Pria;45 - 55 tahun;S1;20 - 25 tahun;10 - 15 tahun;3.000000000000;3.000000000000;3.000000000000;3.000000000000;3.000000000000;3.000000000000;3.000000000000;3.000000000000;3.000000000000;3.000000000000;3.000000000000;3.000000000000;3.000000000000;3.000000000000;3.000000000000;3.000000000000;3.000000000000;3.000000000000;3.000000000000;3.000000000000;3.000000000000;3.000000000000;3.000000000000;3.000000000000;3.000000000000;3.000000000000;3.000000000000;3.000000000000;4.000000000000;3.000000000000;3.000000000000;3.000000000000
62.000000000000;Wanita;45 - 55 tahun;S1;20 - 25 tahun;10 - 15 tahun;4.000000000000;4.000000000000;4.000000000000;4.000000000000;4.000000000000;4.000000000000;4.000000000000;4.000000000000;4.000000000000;4.000000000000;3.000000000000;4.000000000000;4.000000000000;4.000000000000;4.000000000000;4.000000000000;4.000000000000;4.000000000000;4.000000000000;4.000000000000;4.000000000000;4.000000000000;4.000000000000;4.000000000000;3.000000000000;4.000000000000;4.000000000000;4.000000000000;4.000000000000;4.000000000000;4.000000000000;4.000000000000
63.000000000000;Pria;35 - 45 tahun;S2;20 - 25 tahun;10 - 15 tahun;4.000000000000;4.000000000000;4.000000000000;4.000000000000;3.000000000000;4.000000000000;4.000000000000;4.000000000000;4.000000000000;4.000000000000;4.000000000000;4.000000000000;4.000000000000;4.000000000000;4.000000000000;4.000000000000;4.000000000000;3.000000000000;4.000000000000;4.000000000000;4.000000000000;4.000000000000;4.000000000000;4.000000000000;4.000000000000;4.000000000000;3.000000000000;4.000000000000;4.000000000000;4.000000000000;4.000000000000;4.000000000000
64.000000000000;Pria;35 - 45 tahun;S1;15 - 20 tahun;10 - 15 tahun;3.000000000000;3.000000000000;3.000000000000;3.000000000000;3.000000000000;3.000000000000;3.000000000000;4.000000000000;4.000000000000;3.000000000000;3.000000000000;3.000000000000;3.000000000000;3.000000000000;4.000000000000;4.000000000000;4.000000000000;4.000000000000;3.000000000000;3.000000000000;4.000000000000;4.000000000000;3.000000000000;4.000000000000;4.000000000000;3.000000000000;3.000000000000;3.000000000000;3.000000000000;3.000000000000;3.000000000000;3.000000000000
65.000000000000;Wanita;35 - 45 tahun;S1;10 - 15 tahun;5 - 10 tahun;3.000000000000;3.000000000000;3.000000000000;3.000000000000;3.000000000000;3.000000000000;3.000000000000;3.000000000000;3.000000000000;3.000000000000;4.000000000000;3.000000000000;3.000000000000;3.000000000000;3.000000000000;3.000000000000;3.000000000000;3.000000000000;4.000000000000;3.000000000000;3.000000000000;3.000000000000;4.000000000000;3.000000000000;3.000000000000;3.000000000000;3.000000000000;3.000000000000;3.000000000000;3.000000000000;4.000000000000;4.000000000000
66.000000000000;Pria;25 - 35 tahun;S1;5 - 10 tahun;5 - 10 tahun;4.000000000000;4.000000000000;4.000000000000;4.000000000000;4.000000000000;4.000000000000;4.000000000000;4.000000000000;4.000000000000;4.000000000000;4.000000000000;3.000000000000;4.000000000000;3.000000000000;4.000000000000;4.000000000000;4.000000000000;4.000000000000;3.000000000000;4.000000000000;3.000000000000;4.000000000000;4.000000000000;4.000000000000;4.000000000000;4.000000000000;4.000000000000;4.000000000000;4.000000000000;4.000000000000;4.000000000000;4.000000000000
67.000000000000;Pria;35 - 45 tahun;S1;15 - 20 tahun;5 - 10 tahun;4.000000000000;4.000000000000;4.000000000000;4.000000000000;4.000000000000;4.000000000000;4.000000000000;4.000000000000;4.000000000000;4.000000000000;4.000000000000;3.000000000000;4.000000000000;4.000000000000;4.000000000000;4.000000000000;4.000000000000;4.000000000000;3.000000000000;4.000000000000;4.000000000000;4.000000000000;4.000000000000;4.000000000000;3.000000000000;4.000000000000;4.000000000000;4.000000000000;4.000000000000;4.000000000000;4.000000000000;4.000000000000
68.000000000000;Pria;35 - 45 tahun;S1;15 - 20 tahun;5 - 10 tahun;3.000000000000;4.000000000000;3.000000000000;3.000000000000;3.000000000000;4.000000000000;4.000000000000;4.000000000000;4.000000000000;4.000000000000;4.000000000000;4.000000000000;4.000000000000;4.000000000000;4.000000000000;4.000000000000;4.000000000000;4.000000000000;4.000000000000;4.000000000000;4.000000000000;4.000000000000;4.000000000000;4.000000000000;4.000000000000;4.000000000000;4.000000000000;4.000000000000;4.000000000000;4.000000000000;4.000000000000;4.000000000000
69.000000000000;Pria;35 - 45 tahun;S1;15 - 20 tahun;5 - 10 tahun;3.000000000000;3.000000000000;3.000000000000;3.000000000000;3.000000000000;4.000000000000;4.000000000000;4.000000000000;4.000000000000;4.000000000000;4.000000000000;4.000000000000;4.000000000000;4.000000000000;4.000000000000;4.000000000000;4.000000000000;4.000000000000;4.000000000000;4.000000000000;4.000000000000;4.000000000000;4.000000000000;4.000000000000;4.000000000000;4.000000000000;4.000000000000;4.000000000000;4.000000000000;4.000000000000;4.000000000000;4.000000000000
70.000000000000;Pria;35 - 45 tahun;S2;20 - 25 tahun;5 - 10 tahun;4.000000000000;4.000000000000;4.000000000000;4.000000000000;4.000000000000;3.000000000000;4.000000000000;4.000000000000;4.000000000000;4.000000000000;4.000000000000;4.000000000000;4.000000000000;4.000000000000;4.000000000000;3.000000000000;4.000000000000;4.000000000000;4.000000000000;4.000000000000;4.000000000000;4.000000000000;4.000000000000;4.000000000000;4.000000000000;4.000000000000;4.000000000000;3.000000000000;4.000000000000;4.000000000000;4.000000000000;4.000000000000
71.000000000000;Pria;35 - 45 tahun;S2;20 - 25 tahun;10 - 15 tahun;4.000000000000;4.000000000000;3.000000000000;3.000000000000;3.000000000000;3.000000000000;3.000000000000;4.000000000000;4.000000000000;4.000000000000;4.000000000000;3.000000000000;4.000000000000;3.000000000000;4.000000000000;4.000000000000;3.000000000000;4.000000000000;4.000000000000;4.000000000000;4.000000000000;4.000000000000;4.000000000000;4.000000000000;4.000000000000;3.000000000000;3.000000000000;3.000000000000;3.000000000000;3.000000000000;4.000000000000;4.000000000000
72.000000000000;Pria;35 - 45 tahun;S1;15 - 20 tahun;10 - 15 tahun;4.000000000000;4.000000000000;4.000000000000;3.000000000000;4.000000000000;4.000000000000;4.000000000000;4.000000000000;4.000000000000;4.000000000000;4.000000000000;4.000000000000;4.000000000000;4.000000000000;4.000000000000;4.000000000000;4.000000000000;4.000000000000;4.000000000000;3.000000000000;4.000000000000;4.000000000000;4.000000000000;3.000000000000;4.000000000000;4.000000000000;4.000000000000;4.000000000000;4.000000000000;4.000000000000;4.000000000000;4.000000000000
73.000000000000;Pria;45 - 55 tahun;S1;20 - 25 tahun;20 - 25 tahun;4.000000000000;4.000000000000;3.000000000000;4.000000000000;3.000000000000;3.000000000000;4.000000000000;4.000000000000;4.000000000000;4.000000000000;4.000000000000;3.000000000000;3.000000000000;3.000000000000;3.000000000000;3.000000000000;3.000000000000;3.000000000000;3.000000000000;3.000000000000;3.000000000000;3.000000000000;4.000000000000;4.000000000000;4.000000000000;3.000000000000;3.000000000000;4.000000000000;3.000000000000;3.000000000000;4.000000000000;4.000000000000
74.000000000000;Pria;35 - 45 tahun;S1;15 - 20 tahun;< 5 tahun;3.000000000000;4.000000000000;4.000000000000;4.000000000000;4.000000000000;4.000000000000;4.000000000000;4.000000000000;4.000000000000;4.000000000000;4.000000000000;4.000000000000;4.000000000000;4.000000000000;4.000000000000;4.000000000000;4.000000000000;4.000000000000;4.000000000000;3.000000000000;4.000000000000;4.000000000000;4.000000000000;4.000000000000;4.000000000000;4.000000000000;4.000000000000;4.000000000000;4.000000000000;4.000000000000;4.000000000000;4.000000000000
75.000000000000;Pria;45 - 55 tahun;S2;20 - 25 tahun;15 - 20 tahun;3.000000000000;3.000000000000;3.000000000000;3.000000000000;3.000000000000;3.000000000000;3.000000000000;3.000000000000;3.000000000000;3.000000000000;3.000000000000;3.000000000000;3.000000000000;3.000000000000;3.000000000000;3.000000000000;3.000000000000;3.000000000000;3.000000000000;3.000000000000;3.000000000000;3.000000000000;4.000000000000;3.000000000000;3.000000000000;3.000000000000;3.000000000000;3.000000000000;3.000000000000;3.000000000000;3.000000000000;3.000000000000
76.000000000000;Pria;35 - 45 tahun;S1;20 - 25 tahun;< 5 tahun;4.000000000000;4.000000000000;4.000000000000;4.000000000000;4.000000000000;3.000000000000;4.000000000000;4.000000000000;4.000000000000;4.000000000000;4.000000000000;4.000000000000;4.000000000000;4.000000000000;4.000000000000;4.000000000000;3.000000000000;4.000000000000;4.000000000000;4.000000000000;4.000000000000;4.000000000000;4.000000000000;4.000000000000;4.000000000000;4.000000000000;4.000000000000;4.000000000000;4.000000000000;4.000000000000;4.000000000000;4.000000000000
77.000000000000;Pria;45 - 55 tahun;DIII;> 30 tahun;20 - 25 tahun;3.000000000000;3.000000000000;3.000000000000;3.000000000000;3.000000000000;3.000000000000;3.000000000000;4.000000000000;3.000000000000;4.000000000000;4.000000000000;3.000000000000;3.000000000000;3.000000000000;3.000000000000;3.000000000000;3.000000000000;3.000000000000;3.000000000000;3.000000000000;4.000000000000;4.000000000000;4.000000000000;4.000000000000;4.000000000000;4.000000000000;3.000000000000;3.000000000000;3.000000000000;3.000000000000;3.000000000000;3.000000000000
78.000000000000;Pria;35 - 45 tahun;S1;15 - 20 tahun;5 - 10 tahun;4.000000000000;4.000000000000;4.000000000000;4.000000000000;4.000000000000;3.000000000000;3.000000000000;4.000000000000;4.000000000000;4.000000000000;3.000000000000;3.000000000000;3.000000000000;4.000000000000;4.000000000000;4.000000000000;4.000000000000;3.000000000000;4.000000000000;4.000000000000;3.000000000000;4.000000000000;4.000000000000;4.000000000000;4.000000000000;4.000000000000;4.000000000000;3.000000000000;3.000000000000;4.000000000000;4.000000000000;4.000000000000
79.000000000000;Wanita;35 - 45 tahun;S1;15 - 20 tahun;5 - 10 tahun;4.000000000000;4.000000000000;4.000000000000;4.000000000000;4.000000000000;4.000000000000;4.000000000000;4.000000000000;4.000000000000;3.000000000000;4.000000000000;4.000000000000;4.000000000000;4.000000000000;4.000000000000;4.000000000000;3.000000000000;4.000000000000;4.000000000000;4.000000000000;4.000000000000;4.000000000000;4.000000000000;4.000000000000;4.000000000000;4.000000000000;4.000000000000;4.000000000000;4.000000000000;4.000000000000;4.000000000000;4.000000000000
80.000000000000;Pria;35 - 45 tahun;S2;15 - 20 tahun;< 5 tahun;3.000000000000;3.000000000000;3.000000000000;3.000000000000;3.000000000000;3.000000000000;3.000000000000;3.000000000000;3.000000000000;3.000000000000;3.000000000000;3.000000000000;3.000000000000;3.000000000000;3.000000000000;3.000000000000;3.000000000000;3.000000000000;3.000000000000;3.000000000000;3.000000000000;3.000000000000;3.000000000000;3.000000000000;3.000000000000;3.000000000000;3.000000000000;3.000000000000;3.000000000000;3.000000000000;3.000000000000;3.000000000000
81.000000000000;Wanita;35 - 45 tahun;S1;15 - 20 tahun;5 - 10 tahun;4.000000000000;4.000000000000;4.000000000000;4.000000000000;4.000000000000;3.000000000000;3.000000000000;4.000000000000;4.000000000000;4.000000000000;4.000000000000;3.000000000000;3.000000000000;3.000000000000;4.000000000000;4.000000000000;4.000000000000;4.000000000000;3.000000000000;3.000000000000;4.000000000000;4.000000000000;3.000000000000;3.000000000000;3.000000000000;3.000000000000;3.000000000000;3.000000000000;3.000000000000;3.000000000000;3.000000000000;3.000000000000
82.000000000000;Pria;35 - 45 tahun;S2;20 - 25 tahun;15 - 20 tahun;4.000000000000;4.000000000000;3.000000000000;4.000000000000;4.000000000000;4.000000000000;4.000000000000;4.000000000000;4.000000000000;4.000000000000;4.000000000000;4.000000000000;4.000000000000;4.000000000000;4.000000000000;4.000000000000;4.000000000000;4.000000000000;4.000000000000;4.000000000000;4.000000000000;4.000000000000;4.000000000000;4.000000000000;4.000000000000;4.000000000000;4.000000000000;4.000000000000;4.000000000000;4.000000000000;4.000000000000;4.000000000000
83.000000000000;Pria;25 - 35 tahun;S1;10 - 15 tahun;< 5 tahun;4.000000000000;4.000000000000;4.000000000000;4.000000000000;4.000000000000;4.000000000000;4.000000000000;4.000000000000;4.000000000000;4.000000000000;4.000000000000;4.000000000000;3.000000000000;4.000000000000;4.000000000000;4.000000000000;4.000000000000;4.000000000000;4.000000000000;4.000000000000;4.000000000000;3.000000000000;4.000000000000;4.000000000000;4.000000000000;4.000000000000;4.000000000000;4.000000000000;4.000000000000;4.000000000000;4.000000000000;4.000000000000
84.000000000000;Wanita;25 - 35 tahun;S1;10 - 15 tahun;< 5 tahun;4.000000000000;4.000000000000;4.000000000000;4.000000000000;4.000000000000;3.000000000000;3.000000000000;4.000000000000;4.000000000000;3.000000000000;4.000000000000;3.000000000000;4.000000000000;4.000000000000;3.000000000000;4.000000000000;4.000000000000;4.000000000000;4.000000000000;4.000000000000;4.000000000000;4.000000000000;4.000000000000;4.000000000000;4.000000000000;4.000000000000;4.000000000000;4.000000000000;3.000000000000;3.000000000000;4.000000000000;4.000000000000
85.000000000000;Pria;35 - 45 tahun;S1;15 - 20 tahun;5 - 10 tahun;3.000000000000;3.000000000000;3.000000000000;3.000000000000;3.000000000000;3.000000000000;3.000000000000;3.000000000000;3.000000000000;3.000000000000;3.000000000000;3.000000000000;3.000000000000;3.000000000000;3.000000000000;3.000000000000;3.000000000000;3.000000000000;3.000000000000;3.000000000000;3.000000000000;3.000000000000;3.000000000000;3.000000000000;3.000000000000;3.000000000000;3.000000000000;3.000000000000;3.000000000000;3.000000000000;3.000000000000;3.000000000000
86.000000000000;Wanita;45 - 55 tahun;S1;20 - 25 tahun;10 - 15 tahun;3.000000000000;3.000000000000;3.000000000000;3.000000000000;3.000000000000;3.000000000000;3.000000000000;3.000000000000;3.000000000000;3.000000000000;4.000000000000;3.000000000000;3.000000000000;3.000000000000;3.000000000000;3.000000000000;3.000000000000;3.000000000000;3.000000000000;3.000000000000;3.000000000000;3.000000000000;3.000000000000;3.000000000000;3.000000000000;3.000000000000;3.000000000000;3.000000000000;3.000000000000;3.000000000000;3.000000000000;3.000000000000
87.000000000000;Pria;35 - 45 tahun;DIII;15 - 20 tahun;5 - 10 tahun;3.000000000000;4.000000000000;3.000000000000;3.000000000000;3.000000000000;3.000000000000;3.000000000000;4.000000000000;4.000000000000;3.000000000000;4.000000000000;3.000000000000;3.000000000000;3.000000000000;3.000000000000;3.000000000000;3.000000000000;3.000000000000;3.000000000000;3.000000000000;3.000000000000;3.000000000000;3.000000000000;3.000000000000;3.000000000000;3.000000000000;3.000000000000;3.000000000000;3.000000000000;3.000000000000;3.000000000000;3.000000000000
88.000000000000;Pria;35 - 45 tahun;S1;10 - 15 tahun;5 - 10 tahun;4.000000000000;4.000000000000;4.000000000000;4.000000000000;4.000000000000;4.000000000000;4.000000000000;4.000000000000;4.000000000000;4.000000000000;4.000000000000;4.000000000000;4.000000000000;4.000000000000;4.000000000000;4.000000000000;4.000000000000;4.000000000000;4.000000000000;4.000000000000;4.000000000000;4.000000000000;4.000000000000;4.000000000000;4.000000000000;4.000000000000;4.000000000000;3.000000000000;4.000000000000;4.000000000000;4.000000000000;4.000000000000
89.000000000000;Pria;35 - 45 tahun;S1;15 - 20 tahun;5 - 10 tahun;4.000000000000;4.000000000000;3.000000000000;3.000000000000;3.000000000000;3.000000000000;3.000000000000;4.000000000000;4.000000000000;4.000000000000;3.000000000000;3.000000000000;3.000000000000;3.000000000000;3.000000000000;3.000000000000;3.000000000000;3.000000000000;3.000000000000;3.000000000000;3.000000000000;3.000000000000;3.000000000000;3.000000000000;3.000000000000;3.000000000000;3.000000000000;3.000000000000;3.000000000000;3.000000000000;3.000000000000;3.000000000000
90.000000000000;Pria;35 - 45 tahun;S1;10 - 15 tahun;5 - 10 tahun;3.000000000000;3.000000000000;3.000000000000;3.000000000000;3.000000000000;4.000000000000;3.000000000000;3.000000000000;3.000000000000;3.000000000000;3.000000000000;3.000000000000;3.000000000000;3.000000000000;3.000000000000;3.000000000000;3.000000000000;3.000000000000;3.000000000000;4.000000000000;3.000000000000;4.000000000000;3.000000000000;3.000000000000;4.000000000000;4.000000000000;3.000000000000;3.000000000000;4.000000000000;4.000000000000;3.000000000000;4.000000000000
91.000000000000;Pria;25 - 35 tahun;DIII;10 - 15 tahun;5 - 10 tahun;3.000000000000;3.000000000000;3.000000000000;3.000000000000;3.000000000000;3.000000000000;3.000000000000;3.000000000000;3.000000000000;3.000000000000;3.000000000000;3.000000000000;3.000000000000;3.000000000000;3.000000000000;3.000000000000;3.000000000000;3.000000000000;3.000000000000;3.000000000000;3.000000000000;3.000000000000;3.000000000000;3.000000000000;3.000000000000;3.000000000000;3.000000000000;3.000000000000;3.000000000000;3.000000000000;3.000000000000;3.000000000000
92.000000000000;Pria;35 - 45 tahun;S1;10 - 15 tahun;5 - 10 tahun;4.000000000000;4.000000000000;4.000000000000;3.000000000000;4.000000000000;4.000000000000;3.000000000000;4.000000000000;4.000000000000;4.000000000000;4.000000000000;4.000000000000;4.000000000000;4.000000000000;4.000000000000;3.000000000000;4.000000000000;4.000000000000;4.000000000000;4.000000000000;4.000000000000;4.000000000000;4.000000000000;4.000000000000;4.000000000000;4.000000000000;4.000000000000;3.000000000000;4.000000000000;4.000000000000;4.000000000000;4.000000000000
93.000000000000;Wanita;45 - 55 tahun;S1;20 - 25 tahun;15 - 20 tahun;3.000000000000;3.000000000000;3.000000000000;4.000000000000;3.000000000000;3.000000000000;3.000000000000;3.000000000000;3.000000000000;3.000000000000;3.000000000000;3.000000000000;3.000000000000;3.000000000000;3.000000000000;3.000000000000;3.000000000000;3.000000000000;3.000000000000;3.000000000000;3.000000000000;3.000000000000;4.000000000000;4.000000000000;4.000000000000;3.000000000000;3.000000000000;3.000000000000;3.000000000000;3.000000000000;4.000000000000;4.000000000000
94.000000000000;Wanita;35 - 45 tahun;S1;10 - 15 tahun;5 - 10 tahun;4.000000000000;4.000000000000;4.000000000000;4.000000000000;4.000000000000;4.000000000000;3.000000000000;4.000000000000;4.000000000000;4.000000000000;4.000000000000;4.000000000000;4.000000000000;4.000000000000;4.000000000000;3.000000000000;4.000000000000;4.000000000000;4.000000000000;4.000000000000;4.000000000000;4.000000000000;4.000000000000;4.000000000000;4.000000000000;4.000000000000;4.000000000000;4.000000000000;4.000000000000;3.000000000000;4.000000000000;4.000000000000
95.000000000000;Wanita;25 - 35 tahun;S1;10 - 15 tahun;5 - 10 tahun;3.000000000000;4.000000000000;3.000000000000;3.000000000000;3.000000000000;3.000000000000;3.000000000000;4.000000000000;4.000000000000;4.000000000000;4.000000000000;3.000000000000;4.000000000000;3.000000000000;3.000000000000;4.000000000000;3.000000000000;4.000000000000;4.000000000000;4.000000000000;4.000000000000;4.000000000000;4.000000000000;4.000000000000;4.000000000000;4.000000000000;4.000000000000;4.000000000000;4.000000000000;4.000000000000;4.000000000000;4.000000000000
96.000000000000;Pria;35 - 45 tahun;S1;15 - 20 tahun;< 5 tahun;4.000000000000;4.000000000000;4.000000000000;4.000000000000;4.000000000000;3.000000000000;4.000000000000;4.000000000000;4.000000000000;4.000000000000;4.000000000000;3.000000000000;4.000000000000;4.000000000000;4.000000000000;4.000000000000;4.000000000000;4.000000000000;3.000000000000;4.000000000000;4.000000000000;4.000000000000;4.000000000000;4.000000000000;4.000000000000;4.000000000000;4.000000000000;4.000000000000;4.000000000000;4.000000000000;4.000000000000;4.000000000000
97.000000000000;Wanita;25 - 35 tahun;S1;10 - 15 tahun;5 - 10 tahun;3.000000000000;4.000000000000;4.000000000000;4.000000000000;3.000000000000;4.000000000000;4.000000000000;4.000000000000;4.000000000000;3.000000000000;4.000000000000;4.000000000000;4.000000000000;3.000000000000;3.000000000000;3.000000000000;3.000000000000;3.000000000000;3.000000000000;3.000000000000;3.000000000000;3.000000000000;4.000000000000;3.000000000000;3.000000000000;4.000000000000;3.000000000000;3.000000000000;3.000000000000;3.000000000000;3.000000000000;3.000000000000
98.000000000000;Pria;25 - 35 tahun;S1;10 - 15 tahun;< 5 tahun;4.000000000000;4.000000000000;3.000000000000;4.000000000000;4.000000000000;4.000000000000;4.000000000000;4.000000000000;4.000000000000;4.000000000000;4.000000000000;4.000000000000;4.000000000000;3.000000000000;4.000000000000;4.000000000000;4.000000000000;4.000000000000;4.000000000000;4.000000000000;4.000000000000;4.000000000000;4.000000000000;4.000000000000;4.000000000000;4.000000000000;3.000000000000;4.000000000000;3.000000000000;3.000000000000;4.000000000000;4.000000000000
99.000000000000;Pria;25 - 35 tahun;S1;5 - 10 tahun;< 5 tahun;3.000000000000;3.000000000000;3.000000000000;3.000000000000;3.000000000000;3.000000000000;4.000000000000;3.000000000000;3.000000000000;3.000000000000;3.000000000000;3.000000000000;3.000000000000;3.000000000000;3.000000000000;3.000000000000;3.000000000000;3.000000000000;3.000000000000;3.000000000000;3.000000000000;3.000000000000;3.000000000000;3.000000000000;3.000000000000;4.000000000000;3.000000000000;4.000000000000;4.000000000000;3.000000000000;3.000000000000;3.000000000000
100.000000000000;Pria;25 - 35 tahun;S1;10 - 15 tahun;5 - 10 tahun;3.000000000000;3.000000000000;3.000000000000;3.000000000000;3.000000000000;3.000000000000;3.000000000000;4.000000000000;3.000000000000;3.000000000000;3.000000000000;3.000000000000;3.000000000000;3.000000000000;3.000000000000;3.000000000000;3.000000000000;3.000000000000;3.000000000000;4.000000000000;3.000000000000;3.000000000000;3.000000000000;4.000000000000;3.000000000000;3.000000000000;3.000000000000;3.000000000000;3.000000000000;3.000000000000;3.000000000000;3.000000000000
101.000000000000;Wanita;25 - 35 tahun;S1;10 - 15 tahun;5 - 10 tahun;3.000000000000;3.000000000000;3.000000000000;3.000000000000;3.000000000000;3.000000000000;3.000000000000;3.000000000000;3.000000000000;3.000000000000;3.000000000000;3.000000000000;3.000000000000;4.000000000000;3.000000000000;3.000000000000;3.000000000000;3.000000000000;3.000000000000;3.000000000000;3.000000000000;3.000000000000;3.000000000000;3.000000000000;3.000000000000;3.000000000000;3.000000000000;3.000000000000;3.000000000000;3.000000000000;3.000000000000;3.000000000000
102.000000000000;Wanita;25 - 35 tahun;S1;5 - 10 tahun;< 5 tahun;3.000000000000;3.000000000000;3.000000000000;3.000000000000;3.000000000000;3.000000000000;3.000000000000;4.000000000000;4.000000000000;3.000000000000;3.000000000000;3.000000000000;3.000000000000;3.000000000000;3.000000000000;3.000000000000;3.000000000000;3.000000000000;3.000000000000;3.000000000000;3.000000000000;3.000000000000;3.000000000000;3.000000000000;3.000000000000;3.000000000000;3.000000000000;3.000000000000;3.000000000000;3.000000000000;3.000000000000;3.000000000000
103.000000000000;Pria;35 - 45 tahun;S2;20 - 25 tahun;10 - 15 tahun;4.000000000000;3.000000000000;3.000000000000;3.000000000000;3.000000000000;3.000000000000;3.000000000000;4.000000000000;4.000000000000;4.000000000000;4.000000000000;3.000000000000;3.000000000000;3.000000000000;3.000000000000;3.000000000000;3.000000000000;3.000000000000;3.000000000000;3.000000000000;3.000000000000;3.000000000000;3.000000000000;3.000000000000;3.000000000000;3.000000000000;3.000000000000;3.000000000000;3.000000000000;3.000000000000;3.000000000000;3.000000000000
104.000000000000;Pria;35 - 45 tahun;S2;20 - 25 tahun;10 - 15 tahun;4.000000000000;4.000000000000;4.000000000000;4.000000000000;4.000000000000;4.000000000000;4.000000000000;4.000000000000;4.000000000000;4.000000000000;4.000000000000;4.000000000000;4.000000000000;4.000000000000;4.000000000000;4.000000000000;4.000000000000;3.000000000000;4.000000000000;4.000000000000;4.000000000000;4.000000000000;4.000000000000;4.000000000000;4.000000000000;4.000000000000;4.000000000000;4.000000000000;4.000000000000;4.000000000000;4.000000000000;4.000000000000
105.000000000000;Wanita;35 - 45 tahun;S1;10 - 15 tahun;10 - 15 tahun;3.000000000000;4.000000000000;3.000000000000;4.000000000000;4.000000000000;3.000000000000;3.000000000000;4.000000000000;4.000000000000;4.000000000000;4.000000000000;3.000000000000;3.000000000000;3.000000000000;4.000000000000;4.000000000000;4.000000000000;4.000000000000;3.000000000000;3.000000000000;4.000000000000;4.000000000000;4.000000000000;4.000000000000;4.000000000000;4.000000000000;4.000000000000;4.000000000000;4.000000000000;4.000000000000;4.000000000000;4.000000000000
106.000000000000;Wanita;35 - 45 tahun;S1;10 - 15 tahun;10 - 15 tahun;3.000000000000;3.000000000000;3.000000000000;3.000000000000;3.000000000000;3.000000000000;4.000000000000;4.000000000000;3.000000000000;3.000000000000;3.000000000000;3.000000000000;3.000000000000;3.000000000000;3.000000000000;3.000000000000;3.000000000000;3.000000000000;4.000000000000;3.000000000000;4.000000000000;3.000000000000;4.000000000000;3.000000000000;3.000000000000;3.000000000000;3.000000000000;3.000000000000;3.000000000000;3.000000000000;3.000000000000;3.000000000000
107.000000000000;Wanita;35 - 45 tahun;S1;10 - 15 tahun;5 - 10 tahun;3.000000000000;3.000000000000;3.000000000000;3.000000000000;3.000000000000;3.000000000000;3.000000000000;4.000000000000;4.000000000000;3.000000000000;3.000000000000;4.000000000000;3.000000000000;3.000000000000;3.000000000000;3.000000000000;3.000000000000;3.000000000000;3.000000000000;3.000000000000;3.000000000000;3.000000000000;4.000000000000;4.000000000000;4.000000000000;4.000000000000;4.000000000000;3.000000000000;3.000000000000;3.000000000000;3.000000000000;3.000000000000
108.000000000000;Pria;35 - 45 tahun;S1;15 - 20 tahun;5 - 10 tahun;4.000000000000;4.000000000000;4.000000000000;4.000000000000;4.000000000000;4.000000000000;4.000000000000;4.000000000000;4.000000000000;4.000000000000;3.000000000000;4.000000000000;4.000000000000;4.000000000000;4.000000000000;4.000000000000;4.000000000000;4.000000000000;4.000000000000;4.000000000000;4.000000000000;4.000000000000;4.000000000000;4.000000000000;4.000000000000;4.000000000000;4.000000000000;3.000000000000;4.000000000000;4.000000000000;4.000000000000;4.000000000000
109.000000000000;Wanita;25 - 35 tahun;DIII;5 - 10 tahun;< 5 tahun;3.000000000000;3.000000000000;3.000000000000;4.000000000000;4.000000000000;3.000000000000;3.000000000000;4.000000000000;3.000000000000;4.000000000000;3.000000000000;3.000000000000;3.000000000000;3.000000000000;3.000000000000;3.000000000000;3.000000000000;4.000000000000;3.000000000000;3.000000000000;4.000000000000;4.000000000000;4.000000000000;4.000000000000;3.000000000000;3.000000000000;3.000000000000;3.000000000000;4.000000000000;4.000000000000;3.000000000000;4.000000000000
110.000000000000;Pria;> 55 tahun;S2;> 30 tahun;10 - 15 tahun;4.000000000000;3.000000000000;4.000000000000;4.000000000000;4.000000000000;4.000000000000;4.000000000000;4.000000000000;4.000000000000;4.000000000000;4.000000000000;3.000000000000;4.000000000000;4.000000000000;4.000000000000;4.000000000000;4.000000000000;3.000000000000;4.000000000000;4.000000000000;4.000000000000;4.000000000000;4.000000000000;4.000000000000;4.000000000000;4.000000000000;4.000000000000;4.000000000000;4.000000000000;4.000000000000;4.000000000000;4.000000000000
111.000000000000;Pria;35 - 45 tahun;S2;20 - 25 tahun;10 - 15 tahun;4.000000000000;4.000000000000;4.000000000000;4.000000000000;4.000000000000;4.000000000000;4.000000000000;4.000000000000;4.000000000000;4.000000000000;4.000000000000;3.000000000000;4.000000000000;4.000000000000;4.000000000000;4.000000000000;4.000000000000;4.000000000000;4.000000000000;3.000000000000;4.000000000000;4.000000000000;4.000000000000;4.000000000000;4.000000000000;4.000000000000;4.000000000000;4.000000000000;4.000000000000;4.000000000000;4.000000000000;4.000000000000
112.000000000000;Pria;45 - 55 tahun;S2;20 - 25 tahun;10 - 15 tahun;3.000000000000;4.000000000000;4.000000000000;4.000000000000;4.000000000000;3.000000000000;3.000000000000;4.000000000000;4.000000000000;4.000000000000;4.000000000000;4.000000000000;3.000000000000;4.000000000000;4.000000000000;4.000000000000;4.000000000000;4.000000000000;4.000000000000;4.000000000000;4.000000000000;4.000000000000;4.000000000000;4.000000000000;4.000000000000;4.000000000000;4.000000000000;4.000000000000;4.000000000000;4.000000000000;4.000000000000;4.000000000000
113.000000000000;Pria;35 - 45 tahun;DIII;15 - 20 tahun;10 - 15 tahun;3.000000000000;3.000000000000;3.000000000000;3.000000000000;3.000000000000;3.000000000000;3.000000000000;3.000000000000;3.000000000000;3.000000000000;3.000000000000;3.000000000000;3.000000000000;3.000000000000;3.000000000000;3.000000000000;3.000000000000;3.000000000000;3.000000000000;3.000000000000;3.000000000000;3.000000000000;3.000000000000;3.000000000000;3.000000000000;3.000000000000;3.000000000000;3.000000000000;3.000000000000;3.000000000000;3.000000000000;3.000000000000
114.000000000000;Pria;35 - 45 tahun;S2;10 - 15 tahun;5 - 10 tahun;4.000000000000;4.000000000000;4.000000000000;4.000000000000;4.000000000000;4.000000000000;3.000000000000;4.000000000000;4.000000000000;4.000000000000;4.000000000000;3.000000000000;3.000000000000;3.000000000000;4.000000000000;4.000000000000;3.000000000000;4.000000000000;3.000000000000;4.000000000000;4.000000000000;4.000000000000;4.000000000000;4.000000000000;4.000000000000;4.000000000000;4.000000000000;4.000000000000;4.000000000000;4.000000000000;4.000000000000;4.000000000000
115.000000000000;Pria;35 - 45 tahun;S1;15 - 20 tahun;5 - 10 tahun;3.000000000000;3.000000000000;3.000000000000;3.000000000000;3.000000000000;3.000000000000;4.000000000000;3.000000000000;4.000000000000;3.000000000000;3.000000000000;3.000000000000;3.000000000000;3.000000000000;3.000000000000;3.000000000000;3.000000000000;3.000000000000;3.000000000000;3.000000000000;3.000000000000;3.000000000000;3.000000000000;3.000000000000;3.000000000000;3.000000000000;3.000000000000;4.000000000000;3.000000000000;4.000000000000;4.000000000000;3.000000000000
116.000000000000;Pria;35 - 45 tahun;S2;10 - 15 tahun;10 - 15 tahun;4.000000000000;4.000000000000;4.000000000000;4.000000000000;4.000000000000;3.000000000000;4.000000000000;4.000000000000;4.000000000000;4.000000000000;4.000000000000;4.000000000000;4.000000000000;4.000000000000;4.000000000000;4.000000000000;4.000000000000;4.000000000000;4.000000000000;4.000000000000;4.000000000000;3.000000000000;4.000000000000;4.000000000000;4.000000000000;4.000000000000;4.000000000000;4.000000000000;4.000000000000;4.000000000000;4.000000000000;4.000000000000
117.000000000000;Wanita;35 - 45 tahun;S1;10 - 15 tahun;5 - 10 tahun;3.000000000000;3.000000000000;4.000000000000;4.000000000000;3.000000000000;3.000000000000;3.000000000000;3.000000000000;3.000000000000;3.000000000000;3.000000000000;3.000000000000;3.000000000000;3.000000000000;3.000000000000;3.000000000000;3.000000000000;3.000000000000;3.000000000000;3.000000000000;3.000000000000;3.000000000000;3.000000000000;4.000000000000;3.000000000000;3.000000000000;3.000000000000;3.000000000000;3.000000000000;3.000000000000;3.000000000000;4.000000000000
118.000000000000;Pria;35 - 45 tahun;S1;10 - 15 tahun;< 5 tahun;3.000000000000;3.000000000000;3.000000000000;4.000000000000;4.000000000000;3.000000000000;3.000000000000;3.000000000000;3.000000000000;3.000000000000;3.000000000000;3.000000000000;3.000000000000;3.000000000000;3.000000000000;3.000000000000;3.000000000000;3.000000000000;3.000000000000;3.000000000000;3.000000000000;4.000000000000;3.000000000000;3.000000000000;4.000000000000;3.000000000000;3.000000000000;3.000000000000;3.000000000000;3.000000000000;3.000000000000;3.000000000000
119.000000000000;Pria;35 - 45 tahun;S2;15 - 20 tahun;< 5 tahun;4.000000000000;4.000000000000;4.000000000000;4.000000000000;4.000000000000;4.000000000000;4.000000000000;4.000000000000;3.000000000000;4.000000000000;4.000000000000;4.000000000000;4.000000000000;4.000000000000;4.000000000000;4.000000000000;4.000000000000;4.000000000000;4.000000000000;4.000000000000;4.000000000000;4.000000000000;4.000000000000;4.000000000000;4.000000000000;4.000000000000;4.000000000000;4.000000000000;4.000000000000;4.000000000000;4.000000000000;4.000000000000
120.000000000000;Pria;25 - 35 tahun;S1;10 - 15 tahun;< 5 tahun;3.000000000000;3.000000000000;3.000000000000;3.000000000000;3.000000000000;3.000000000000;3.000000000000;4.000000000000;4.000000000000;4.000000000000;4.000000000000;3.000000000000;3.000000000000;3.000000000000;3.000000000000;3.000000000000;3.000000000000;3.000000000000;3.000000000000;3.000000000000;3.000000000000;3.000000000000;3.000000000000;4.000000000000;3.000000000000;4.000000000000;3.000000000000;3.000000000000;3.000000000000;3.000000000000;3.000000000000;4.000000000000
121.000000000000;Pria;25 - 35 tahun;S1;10 - 15 tahun;5 - 10 tahun;4.000000000000;4.000000000000;4.000000000000;4.000000000000;4.000000000000;3.000000000000;4.000000000000;4.000000000000;3.000000000000;4.000000000000;4.000000000000;4.000000000000;4.000000000000;3.000000000000;3.000000000000;4.000000000000;3.000000000000;4.000000000000;4.000000000000;3.000000000000;4.000000000000;3.000000000000;4.000000000000;4.000000000000;3.000000000000;4.000000000000;4.000000000000;3.000000000000;4.000000000000;4.000000000000;4.000000000000;4.000000000000
122.000000000000;Pria;35 - 45 tahun;S1;20 - 25 tahun;5 - 10 tahun;4.000000000000;4.000000000000;4.000000000000;4.000000000000;4.000000000000;4.000000000000;4.000000000000;4.000000000000;4.000000000000;4.000000000000;4.000000000000;4.000000000000;4.000000000000;3.000000000000;4.000000000000;4.000000000000;4.000000000000;4.000000000000;3.000000000000;3.000000000000;4.000000000000;4.000000000000;4.000000000000;4.000000000000;3.000000000000;4.000000000000;4.000000000000;4.000000000000;4.000000000000;4.000000000000;4.000000000000;4.000000000000
123.000000000000;Wanita;35 - 45 tahun;S2;15 - 20 tahun;10 - 15 tahun;4.000000000000;4.000000000000;4.000000000000;3.000000000000;3.000000000000;3.000000000000;3.000000000000;3.000000000000;3.000000000000;3.000000000000;3.000000000000;3.000000000000;3.000000000000;3.000000000000;3.000000000000;3.000000000000;3.000000000000;3.000000000000;3.000000000000;3.000000000000;3.000000000000;3.000000000000;3.000000000000;3.000000000000;3.000000000000;3.000000000000;3.000000000000;3.000000000000;3.000000000000;3.000000000000;3.000000000000;3.000000000000
124.000000000000;Pria;35 - 45 tahun;DIII;10 - 15 tahun;5 - 10 tahun;4.000000000000;4.000000000000;4.000000000000;4.000000000000;4.000000000000;4.000000000000;4.000000000000;4.000000000000;4.000000000000;4.000000000000;4.000000000000;4.000000000000;4.000000000000;4.000000000000;4.000000000000;4.000000000000;4.000000000000;4.000000000000;4.000000000000;4.000000000000;4.000000000000;3.000000000000;3.000000000000;4.000000000000;4.000000000000;4.000000000000;4.000000000000;4.000000000000;4.000000000000;4.000000000000;4.000000000000;4.000000000000
125.000000000000;Pria;35 - 45 tahun;S2;10 - 15 tahun;5 - 10 tahun;4.000000000000;4.000000000000;4.000000000000;3.000000000000;3.000000000000;4.000000000000;4.000000000000;4.000000000000;4.000000000000;3.000000000000;3.000000000000;3.000000000000;3.000000000000;3.000000000000;3.000000000000;3.000000000000;3.000000000000;3.000000000000;3.000000000000;3.000000000000;3.000000000000;3.000000000000;3.000000000000;3.000000000000;3.000000000000;3.000000000000;3.000000000000;4.000000000000;3.000000000000;4.000000000000;4.000000000000;4.000000000000
126.000000000000;Pria;45 - 55 tahun;S1;25 - 30 tahun;10 - 15 tahun;3.000000000000;3.000000000000;3.000000000000;3.000000000000;3.000000000000;3.000000000000;3.000000000000;3.000000000000;3.000000000000;3.000000000000;3.000000000000;3.000000000000;3.000000000000;3.000000000000;3.000000000000;3.000000000000;3.000000000000;3.000000000000;3.000000000000;3.000000000000;3.000000000000;3.000000000000;4.000000000000;3.000000000000;3.000000000000;4.000000000000;3.000000000000;4.000000000000;3.000000000000;3.000000000000;3.000000000000;3.000000000000
127.000000000000;Pria;35 - 45 tahun;DIII;10 - 15 tahun;5 - 10 tahun;3.000000000000;4.000000000000;3.000000000000;3.000000000000;3.000000000000;3.000000000000;3.000000000000;3.000000000000;3.000000000000;3.000000000000;3.000000000000;3.000000000000;3.000000000000;3.000000000000;3.000000000000;3.000000000000;3.000000000000;3.000000000000;3.000000000000;3.000000000000;3.000000000000;3.000000000000;3.000000000000;3.000000000000;3.000000000000;3.000000000000;3.000000000000;3.000000000000;3.000000000000;3.000000000000;3.000000000000;3.000000000000
128.000000000000;Wanita;35 - 45 tahun;S1;10 - 15 tahun;5 - 10 tahun;4.000000000000;4.000000000000;3.000000000000;3.000000000000;3.000000000000;3.000000000000;3.000000000000;3.000000000000;3.000000000000;3.000000000000;3.000000000000;3.000000000000;3.000000000000;3.000000000000;3.000000000000;3.000000000000;3.000000000000;3.000000000000;3.000000000000;3.000000000000;3.000000000000;3.000000000000;3.000000000000;3.000000000000;3.000000000000;3.000000000000;3.000000000000;3.000000000000;3.000000000000;3.000000000000;3.000000000000;3.000000000000
129.000000000000;Pria;35 - 45 tahun;S1;15 - 20 tahun;5 - 10 tahun;4.000000000000;4.000000000000;4.000000000000;3.000000000000;4.000000000000;4.000000000000;4.000000000000;4.000000000000;4.000000000000;4.000000000000;4.000000000000;4.000000000000;4.000000000000;4.000000000000;4.000000000000;4.000000000000;4.000000000000;4.000000000000;4.000000000000;4.000000000000;4.000000000000;4.000000000000;4.000000000000;4.000000000000;4.000000000000;4.000000000000;4.000000000000;4.000000000000;4.000000000000;4.000000000000;4.000000000000;4.000000000000
130.000000000000;Wanita;35 - 45 tahun;S1;10 - 15 tahun;5 - 10 tahun;3.000000000000;4.000000000000;4.000000000000;3.000000000000;4.000000000000;3.000000000000;3.000000000000;3.000000000000;3.000000000000;4.000000000000;4.000000000000;3.000000000000;4.000000000000;4.000000000000;4.000000000000;4.000000000000;4.000000000000;4.000000000000;4.000000000000;3.000000000000;4.000000000000;3.000000000000;3.000000000000;3.000000000000;3.000000000000;3.000000000000;3.000000000000;4.000000000000;4.000000000000;4.000000000000;4.000000000000;4.000000000000
131.000000000000;Pria;35 - 45 tahun;DIII;10 - 15 tahun;5 - 10 tahun;4.000000000000;4.000000000000;3.000000000000;3.000000000000;4.000000000000;3.000000000000;3.000000000000;4.000000000000;4.000000000000;4.000000000000;4.000000000000;4.000000000000;4.000000000000;4.000000000000;4.000000000000;4.000000000000;4.000000000000;4.000000000000;4.000000000000;4.000000000000;4.000000000000;4.000000000000;4.000000000000;3.000000000000;4.000000000000;4.000000000000;4.000000000000;4.000000000000;4.000000000000;4.000000000000;4.000000000000;3.000000000000
132.000000000000;Pria;35 - 45 tahun;S2;15 - 20 tahun;5 - 10 tahun;4.000000000000;4.000000000000;3.000000000000;3.000000000000;3.000000000000;3.000000000000;3.000000000000;4.000000000000;3.000000000000;3.000000000000;3.000000000000;3.000000000000;3.000000000000;4.000000000000;3.000000000000;4.000000000000;4.000000000000;4.000000000000;4.000000000000;3.000000000000;4.000000000000;3.000000000000;3.000000000000;4.000000000000;3.000000000000;3.000000000000;3.000000000000;4.000000000000;4.000000000000;4.000000000000;4.000000000000;4.000000000000
133.000000000000;Pria;45 - 55 tahun;S2;25 - 30 tahun;10 - 15 tahun;4.000000000000;4.000000000000;4.000000000000;4.000000000000;4.000000000000;4.000000000000;4.000000000000;4.000000000000;4.000000000000;4.000000000000;4.000000000000;4.000000000000;4.000000000000;4.000000000000;4.000000000000;3.000000000000;3.000000000000;4.000000000000;3.000000000000;4.000000000000;4.000000000000;4.000000000000;3.000000000000;4.000000000000;3.000000000000;4.000000000000;4.000000000000;4.000000000000;4.000000000000;4.000000000000;4.000000000000;4.000000000000
134.000000000000;Pria;35 - 45 tahun;S1;15 - 20 tahun;5 - 10 tahun;4.000000000000;4.000000000000;4.000000000000;4.000000000000;4.000000000000;4.000000000000;4.000000000000;4.000000000000;4.000000000000;4.000000000000;4.000000000000;4.000000000000;4.000000000000;4.000000000000;4.000000000000;4.000000000000;4.000000000000;4.000000000000;4.000000000000;4.000000000000;4.000000000000;4.000000000000;3.000000000000;3.000000000000;3.000000000000;3.000000000000;3.000000000000;4.000000000000;4.000000000000;3.000000000000;3.000000000000;4.000000000000
135.000000000000;Wanita;35 - 45 tahun;S1;15 - 20 tahun;< 5 tahun;4.000000000000;4.000000000000;4.000000000000;3.000000000000;3.000000000000;3.000000000000;3.000000000000;3.000000000000;3.000000000000;3.000000000000;3.000000000000;3.000000000000;4.000000000000;3.000000000000;3.000000000000;4.000000000000;4.000000000000;3.000000000000;4.000000000000;3.000000000000;3.000000000000;3.000000000000;3.000000000000;3.000000000000;3.000000000000;3.000000000000;3.000000000000;3.000000000000;3.000000000000;4.000000000000;4.000000000000;4.000000000000
136.000000000000;Wanita;35 - 45 tahun;S1;10 - 15 tahun;5 - 10 tahun;4.000000000000;4.000000000000;4.000000000000;3.000000000000;4.000000000000;4.000000000000;3.000000000000;4.000000000000;4.000000000000;4.000000000000;4.000000000000;4.000000000000;4.000000000000;4.000000000000;4.000000000000;4.000000000000;4.000000000000;4.000000000000;4.000000000000;3.000000000000;4.000000000000;3.000000000000;3.000000000000;4.000000000000;4.000000000000;4.000000000000;4.000000000000;4.000000000000;4.000000000000;4.000000000000;4.000000000000;4.000000000000
137.000000000000;Pria;35 - 45 tahun;S2;10 - 15 tahun;10 - 15 tahun;4.000000000000;4.000000000000;4.000000000000;3.000000000000;4.000000000000;4.000000000000;4.000000000000;4.000000000000;4.000000000000;4.000000000000;4.000000000000;4.000000000000;4.000000000000;4.000000000000;4.000000000000;4.000000000000;4.000000000000;4.000000000000;4.000000000000;4.000000000000;4.000000000000;4.000000000000;4.000000000000;4.000000000000;4.000000000000;4.000000000000;4.000000000000;4.000000000000;4.000000000000;4.000000000000;4.000000000000;4.000000000000
138.000000000000;Pria;35 - 45 tahun;S1;10 - 15 tahun;10 - 15 tahun;4.000000000000;4.000000000000;4.000000000000;4.000000000000;4.000000000000;4.000000000000;4.000000000000;4.000000000000;4.000000000000;4.000000000000;4.000000000000;4.000000000000;4.000000000000;4.000000000000;4.000000000000;4.000000000000;3.000000000000;4.000000000000;4.000000000000;4.000000000000;4.000000000000;4.000000000000;4.000000000000;3.000000000000;4.000000000000;4.000000000000;4.000000000000;4.000000000000;4.000000000000;4.000000000000;4.000000000000;4.000000000000
139.000000000000;Pria;35 - 45 tahun;S1;10 - 15 tahun;5 - 10 tahun;3.000000000000;3.000000000000;3.000000000000;4.000000000000;4.000000000000;4.000000000000;3.000000000000;3.000000000000;3.000000000000;3.000000000000;3.000000000000;3.000000000000;3.000000000000;3.000000000000;3.000000000000;3.000000000000;4.000000000000;4.000000000000;4.000000000000;3.000000000000;3.000000000000;3.000000000000;3.000000000000;3.000000000000;3.000000000000;4.000000000000;4.000000000000;3.000000000000;3.000000000000;3.000000000000;3.000000000000;3.000000000000
140.000000000000;Pria;45 - 55 tahun;S1;25 - 30 tahun;5 - 10 tahun;4.000000000000;3.000000000000;3.000000000000;3.000000000000;4.000000000000;4.000000000000;4.000000000000;3.000000000000;4.000000000000;4.000000000000;4.000000000000;4.000000000000;4.000000000000;4.000000000000;4.000000000000;4.000000000000;3.000000000000;4.000000000000;4.000000000000;3.000000000000;4.000000000000;4.000000000000;3.000000000000;4.000000000000;4.000000000000;4.000000000000;4.000000000000;4.000000000000;4.000000000000;4.000000000000;4.000000000000;4.000000000000
141.000000000000;Pria;45 - 55 tahun;DIII;15 - 20 tahun;10 - 15 tahun;3.000000000000;4.000000000000;4.000000000000;3.000000000000;3.000000000000;3.000000000000;3.000000000000;4.000000000000;4.000000000000;4.000000000000;3.000000000000;4.000000000000;3.000000000000;4.000000000000;4.000000000000;3.000000000000;4.000000000000;4.000000000000;4.000000000000;4.000000000000;4.000000000000;4.000000000000;3.000000000000;4.000000000000;4.000000000000;4.000000000000;4.000000000000;4.000000000000;4.000000000000;4.000000000000;4.000000000000;4.000000000000
142.000000000000;Wanita;35 - 45 tahun;S2;10 - 15 tahun;< 5 tahun;3.000000000000;4.000000000000;4.000000000000;3.000000000000;4.000000000000;3.000000000000;3.000000000000;4.000000000000;4.000000000000;4.000000000000;4.000000000000;4.000000000000;4.000000000000;4.000000000000;4.000000000000;4.000000000000;4.000000000000;4.000000000000;4.000000000000;4.000000000000;4.000000000000;4.000000000000;4.000000000000;4.000000000000;4.000000000000;4.000000000000;4.000000000000;4.000000000000;4.000000000000;4.000000000000;4.000000000000;4.000000000000
143.000000000000;Pria;45 - 55 tahun;S2;10 - 15 tahun;10 - 15 tahun;4.000000000000;4.000000000000;4.000000000000;4.000000000000;4.000000000000;4.000000000000;4.000000000000;4.000000000000;4.000000000000;4.000000000000;4.000000000000;4.000000000000;3.000000000000;4.000000000000;4.000000000000;4.000000000000;4.000000000000;4.000000000000;4.000000000000;4.000000000000;4.000000000000;4.000000000000;4.000000000000;4.000000000000;4.000000000000;3.000000000000;4.000000000000;4.000000000000;4.000000000000;4.000000000000;4.000000000000;4.000000000000
144.000000000000;Pria;35 - 45 tahun;S2;15 - 20 tahun;5 - 10 tahun;4.000000000000;4.000000000000;4.000000000000;4.000000000000;4.000000000000;4.000000000000;4.000000000000;4.000000000000;4.000000000000;3.000000000000;4.000000000000;4.000000000000;4.000000000000;4.000000000000;4.000000000000;4.000000000000;4.000000000000;3.000000000000;3.000000000000;2.000000000000;4.000000000000;4.000000000000;4.000000000000;4.000000000000;4.000000000000;4.000000000000;4.000000000000;4.000000000000;4.000000000000;4.000000000000;4.000000000000;4.000000000000
145.000000000000;Pria;45 - 55 tahun;S1;25 - 30 tahun;10 - 15 tahun;4.000000000000;4.000000000000;4.000000000000;4.000000000000;4.000000000000;4.000000000000;4.000000000000;4.000000000000;4.000000000000;4.000000000000;4.000000000000;4.000000000000;4.000000000000;4.000000000000;4.000000000000;4.000000000000;4.000000000000;4.000000000000;4.000000000000;3.000000000000;3.000000000000;3.000000000000;4.000000000000;3.000000000000;3.000000000000;4.000000000000;3.000000000000;4.000000000000;3.000000000000;4.000000000000;4.000000000000;4.000000000000
146.000000000000;Pria;35 - 45 tahun;S1;15 - 20 tahun;10 - 15 tahun;3.000000000000;4.000000000000;3.000000000000;3.000000000000;4.000000000000;4.000000000000;3.000000000000;4.000000000000;4.000000000000;4.000000000000;4.000000000000;4.000000000000;4.000000000000;4.000000000000;4.000000000000;4.000000000000;2.000000000000;2.000000000000;2.000000000000;3.000000000000;4.000000000000;3.000000000000;3.000000000000;3.000000000000;3.000000000000;3.000000000000;3.000000000000;4.000000000000;4.000000000000;4.000000000000;4.000000000000;4.000000000000
147.000000000000;Pria;35 - 45 tahun;S1;25 - 30 tahun;5 - 10 tahun;3.000000000000;3.000000000000;3.000000000000;3.000000000000;4.000000000000;4.000000000000;3.000000000000;3.000000000000;4.000000000000;3.000000000000;4.000000000000;4.000000000000;4.000000000000;3.000000000000;3.000000000000;3.000000000000;3.000000000000;3.000000000000;3.000000000000;3.000000000000;3.000000000000;3.000000000000;4.000000000000;3.000000000000;3.000000000000;3.000000000000;3.000000000000;4.000000000000;3.000000000000;3.000000000000;3.000000000000;3.000000000000
148.000000000000;Wanita;45 - 55 tahun;S1;25 - 30 tahun;15 - 20 tahun;4.000000000000;4.000000000000;4.000000000000;4.000000000000;4.000000000000;4.000000000000;4.000000000000;4.000000000000;4.000000000000;4.000000000000;4.000000000000;4.000000000000;4.000000000000;4.000000000000;4.000000000000;4.000000000000;4.000000000000;3.000000000000;3.000000000000;3.000000000000;4.000000000000;4.000000000000;4.000000000000;4.000000000000;4.000000000000;4.000000000000;4.000000000000;4.000000000000;4.000000000000;4.000000000000;3.000000000000;4.000000000000
149.000000000000;Pria;35 - 45 tahun;S1;10 - 15 tahun;5 - 10 tahun;4.000000000000;4.000000000000;3.000000000000;3.000000000000;4.000000000000;4.000000000000;4.000000000000;4.000000000000;4.000000000000;4.000000000000;4.000000000000;4.000000000000;4.000000000000;4.000000000000;4.000000000000;4.000000000000;4.000000000000;4.000000000000;4.000000000000;4.000000000000;4.000000000000;4.000000000000;4.000000000000;4.000000000000;4.000000000000;4.000000000000;4.000000000000;4.000000000000;4.000000000000;4.000000000000;4.000000000000;4.000000000000
150.000000000000;Wanita;35 - 45 tahun;S1;5 - 10 tahun;< 5 tahun;3.000000000000;3.000000000000;4.000000000000;4.000000000000;3.000000000000;3.000000000000;3.000000000000;4.000000000000;4.000000000000;3.000000000000;3.000000000000;3.000000000000;3.000000000000;3.000000000000;3.000000000000;4.000000000000;3.000000000000;3.000000000000;4.000000000000;4.000000000000;3.000000000000;3.000000000000;4.000000000000;3.000000000000;3.000000000000;3.000000000000;3.000000000000;4.000000000000;3.000000000000;3.000000000000;4.000000000000;3.000000000000
151.000000000000;Wanita;35 - 45 tahun;S1;15 - 20 tahun;5 - 10 tahun;3.000000000000;3.000000000000;3.000000000000;3.000000000000;3.000000000000;4.000000000000;3.000000000000;3.000000000000;4.000000000000;3.000000000000;3.000000000000;3.000000000000;4.000000000000;3.000000000000;3.000000000000;3.000000000000;3.000000000000;4.000000000000;3.000000000000;3.000000000000;3.000000000000;3.000000000000;3.000000000000;3.000000000000;3.000000000000;3.000000000000;3.000000000000;3.000000000000;4.000000000000;3.000000000000;3.000000000000;4.000000000000
152.000000000000;Wanita;45 - 55 tahun;S2;25 - 30 tahun;15 - 20 tahun;4.000000000000;4.000000000000;4.000000000000;4.000000000000;4.000000000000;3.000000000000;3.000000000000;4.000000000000;4.000000000000;4.000000000000;4.000000000000;4.000000000000;4.000000000000;4.000000000000;4.000000000000;4.000000000000;4.000000000000;4.000000000000;4.000000000000;4.000000000000;4.000000000000;3.000000000000;3.000000000000;3.000000000000;4.000000000000;4.000000000000;3.000000000000;4.000000000000;4.000000000000;4.000000000000;4.000000000000;4.000000000000
153.000000000000;Pria;35 - 45 tahun;S1;5 - 10 tahun;< 5 tahun;3.000000000000;4.000000000000;3.000000000000;3.000000000000;3.000000000000;3.000000000000;4.000000000000;3.000000000000;3.000000000000;3.000000000000;3.000000000000;3.000000000000;3.000000000000;4.000000000000;3.000000000000;3.000000000000;3.000000000000;2.000000000000;2.000000000000;2.000000000000;4.000000000000;4.000000000000;3.000000000000;3.000000000000;4.000000000000;4.000000000000;3.000000000000;4.000000000000;4.000000000000;4.000000000000;4.000000000000;4.000000000000
154.000000000000;Wanita;35 - 45 tahun;S1;5 - 10 tahun;5 - 10 tahun;4.000000000000;4.000000000000;4.000000000000;4.000000000000;4.000000000000;4.000000000000;4.000000000000;4.000000000000;4.000000000000;4.000000000000;4.000000000000;4.000000000000;4.000000000000;4.000000000000;4.000000000000;4.000000000000;4.000000000000;4.000000000000;4.000000000000;4.000000000000;3.000000000000;4.000000000000;4.000000000000;3.000000000000;3.000000000000;3.000000000000;3.000000000000;3.000000000000;3.000000000000;3.000000000000;3.000000000000;4.000000000000
155.000000000000;Pria;35 - 45 tahun;S1;10 - 15 tahun;5 - 10 tahun;4.000000000000;3.000000000000;4.000000000000;3.000000000000;3.000000000000;3.000000000000;3.000000000000;3.000000000000;3.000000000000;3.000000000000;3.000000000000;3.000000000000;3.000000000000;3.000000000000;3.000000000000;3.000000000000;3.000000000000;3.000000000000;3.000000000000;3.000000000000;3.000000000000;3.000000000000;3.000000000000;3.000000000000;3.000000000000;3.000000000000;3.000000000000;3.000000000000;3.000000000000;3.000000000000;3.000000000000;3.000000000000
156.000000000000;Pria;35 - 45 tahun;S1;10 - 15 tahun;5 - 10 tahun;4.000000000000;4.000000000000;4.000000000000;3.000000000000;4.000000000000;4.000000000000;4.000000000000;3.000000000000;4.000000000000;4.000000000000;4.000000000000;4.000000000000;4.000000000000;4.000000000000;4.000000000000;4.000000000000;4.000000000000;3.000000000000;2.000000000000;2.000000000000;3.000000000000;4.000000000000;3.000000000000;3.000000000000;4.000000000000;3.000000000000;3.000000000000;4.000000000000;3.000000000000;3.000000000000;4.000000000000;2.000000000000
157.000000000000;Pria;35 - 45 tahun;S1;15 - 20 tahun;5 - 10 tahun;4.000000000000;4.000000000000;3.000000000000;3.000000000000;3.000000000000;3.000000000000;3.000000000000;3.000000000000;3.000000000000;3.000000000000;3.000000000000;3.000000000000;3.000000000000;3.000000000000;3.000000000000;3.000000000000;3.000000000000;3.000000000000;3.000000000000;3.000000000000;3.000000000000;3.000000000000;3.000000000000;3.000000000000;3.000000000000;3.000000000000;3.000000000000;3.000000000000;3.000000000000;3.000000000000;3.000000000000;3.000000000000
158.000000000000;Wanita;35 - 45 tahun;S1;5 - 10 tahun;< 5 tahun;3.000000000000;3.000000000000;3.000000000000;3.000000000000;3.000000000000;3.000000000000;3.000000000000;3.000000000000;3.000000000000;3.000000000000;3.000000000000;3.000000000000;3.000000000000;3.000000000000;3.000000000000;3.000000000000;3.000000000000;2.000000000000;2.000000000000;3.000000000000;4.000000000000;3.000000000000;3.000000000000;3.000000000000;3.000000000000;3.000000000000;3.000000000000;4.000000000000;4.000000000000;4.000000000000;4.000000000000;4.000000000000
159.000000000000;Pria;35 - 45 tahun;S1;15 - 20 tahun;5 - 10 tahun;4.000000000000;4.000000000000;4.000000000000;4.000000000000;4.000000000000;4.000000000000;4.000000000000;4.000000000000;4.000000000000;4.000000000000;4.000000000000;4.000000000000;3.000000000000;4.000000000000;4.000000000000;4.000000000000;4.000000000000;4.000000000000;4.000000000000;4.000000000000;3.000000000000;3.000000000000;3.000000000000;4.000000000000;4.000000000000;4.000000000000;4.000000000000;4.000000000000;3.000000000000;4.000000000000;4.000000000000;4.000000000000
160.000000000000;Pria;35 - 45 tahun;S1;10 - 15 tahun;10 - 15 tahun;3.000000000000;4.000000000000;3.000000000000;3.000000000000;4.000000000000;3.000000000000;4.000000000000;3.000000000000;3.000000000000;4.000000000000;4.000000000000;4.000000000000;4.000000000000;3.000000000000;4.000000000000;3.000000000000;3.000000000000;3.000000000000;3.000000000000;3.000000000000;4.000000000000;3.000000000000;3.000000000000;3.000000000000;3.000000000000;3.000000000000;3.000000000000;4.000000000000;4.000000000000;4.000000000000;4.000000000000;4.000000000000
161.000000000000;Pria;35 - 45 tahun;S1;10 - 15 tahun;10 - 15 tahun;3.000000000000;4.000000000000;4.000000000000;3.000000000000;4.000000000000;4.000000000000;4.000000000000;4.000000000000;4.000000000000;4.000000000000;4.000000000000;4.000000000000;4.000000000000;3.000000000000;4.000000000000;4.000000000000;4.000000000000;3.000000000000;3.000000000000;3.000000000000;3.000000000000;3.000000000000;3.000000000000;3.000000000000;3.000000000000;3.000000000000;3.000000000000;3.000000000000;3.000000000000;3.000000000000;3.000000000000;3.000000000000
162.000000000000;Wanita;45 - 55 tahun;S1;15 - 20 tahun;10 - 15 tahun;4.000000000000;4.000000000000;4.000000000000;4.000000000000;4.000000000000;4.000000000000;4.000000000000;4.000000000000;4.000000000000;4.000000000000;4.000000000000;4.000000000000;4.000000000000;4.000000000000;4.000000000000;4.000000000000;4.000000000000;2.000000000000;4.000000000000;3.000000000000;4.000000000000;4.000000000000;3.000000000000;4.000000000000;4.000000000000;4.000000000000;4.000000000000;4.000000000000;4.000000000000;4.000000000000;4.000000000000;4.000000000000
163.000000000000;Pria;35 - 45 tahun;S1;10 - 15 tahun;5 - 10 tahun;3.000000000000;3.000000000000;3.000000000000;3.000000000000;3.000000000000;3.000000000000;3.000000000000;3.000000000000;3.000000000000;3.000000000000;3.000000000000;3.000000000000;3.000000000000;3.000000000000;3.000000000000;4.000000000000;3.000000000000;2.000000000000;2.000000000000;2.000000000000;3.000000000000;3.000000000000;3.000000000000;3.000000000000;3.000000000000;3.000000000000;3.000000000000;3.000000000000;3.000000000000;3.000000000000;3.000000000000;3.000000000000
164.000000000000;Wanita;45 - 55 tahun;S1;25 - 30 tahun;5 - 10 tahun;3.000000000000;3.000000000000;3.000000000000;3.000000000000;4.000000000000;3.000000000000;3.000000000000;3.000000000000;3.000000000000;3.000000000000;3.000000000000;3.000000000000;4.000000000000;3.000000000000;3.000000000000;3.000000000000;3.000000000000;3.000000000000;3.000000000000;3.000000000000;3.000000000000;3.000000000000;3.000000000000;4.000000000000;3.000000000000;3.000000000000;3.000000000000;3.000000000000;3.000000000000;4.000000000000;4.000000000000;3.000000000000
165.000000000000;Pria;35 - 45 tahun;S1;15 - 20 tahun;5 - 10 tahun;3.000000000000;4.000000000000;3.000000000000;3.000000000000;3.000000000000;3.000000000000;3.000000000000;3.000000000000;3.000000000000;3.000000000000;3.000000000000;3.000000000000;4.000000000000;4.000000000000;3.000000000000;3.000000000000;3.000000000000;3.000000000000;3.000000000000;3.000000000000;3.000000000000;4.000000000000;3.000000000000;3.000000000000;4.000000000000;4.000000000000;4.000000000000;3.000000000000;3.000000000000;3.000000000000;3.000000000000;3.000000000000
166.000000000000;Pria;35 - 45 tahun;S1;15 - 20 tahun;5 - 10 tahun;4.000000000000;4.000000000000;4.000000000000;3.000000000000;4.000000000000;3.000000000000;4.000000000000;4.000000000000;4.000000000000;4.000000000000;4.000000000000;4.000000000000;4.000000000000;4.000000000000;4.000000000000;4.000000000000;4.000000000000;4.000000000000;4.000000000000;4.000000000000;4.000000000000;4.000000000000;4.000000000000;4.000000000000;4.000000000000;4.000000000000;4.000000000000;4.000000000000;4.000000000000;4.000000000000;4.000000000000;4.000000000000
167.000000000000;Pria;45 - 55 tahun;S1;15 - 20 tahun;10 - 15 tahun;4.000000000000;4.000000000000;4.000000000000;4.000000000000;4.000000000000;4.000000000000;4.000000000000;4.000000000000;4.000000000000;4.000000000000;4.000000000000;4.000000000000;4.000000000000;4.000000000000;4.000000000000;4.000000000000;4.000000000000;4.000000000000;3.000000000000;3.000000000000;3.000000000000;4.000000000000;4.000000000000;4.000000000000;4.000000000000;4.000000000000;4.000000000000;4.000000000000;3.000000000000;4.000000000000;4.000000000000;4.000000000000
168.000000000000;Wanita;35 - 45 tahun;S1;10 - 15 tahun;5 - 10 tahun;3.000000000000;4.000000000000;3.000000000000;3.000000000000;4.000000000000;3.000000000000;3.000000000000;3.000000000000;4.000000000000;4.000000000000;4.000000000000;4.000000000000;4.000000000000;3.000000000000;4.000000000000;3.000000000000;3.000000000000;3.000000000000;4.000000000000;4.000000000000;3.000000000000;3.000000000000;3.000000000000;4.000000000000;4.000000000000;4.000000000000;4.000000000000;3.000000000000;3.000000000000;3.000000000000;4.000000000000;4.000000000000
169.000000000000;Pria;> 55 tahun;DIII;> 30 tahun;10 - 15 tahun;3.000000000000;3.000000000000;3.000000000000;3.000000000000;3.000000000000;3.000000000000;4.000000000000;3.000000000000;4.000000000000;3.000000000000;3.000000000000;3.000000000000;3.000000000000;3.000000000000;3.000000000000;3.000000000000;3.000000000000;3.000000000000;3.000000000000;3.000000000000;4.000000000000;3.000000000000;3.000000000000;4.000000000000;3.000000000000;3.000000000000;4.000000000000;3.000000000000;4.000000000000;3.000000000000;4.000000000000;4.000000000000
170.000000000000;Pria;35 - 45 tahun;S1;15 - 20 tahun;15 - 20 tahun;3.000000000000;3.000000000000;3.000000000000;3.000000000000;3.000000000000;3.000000000000;3.000000000000;3.000000000000;3.000000000000;3.000000000000;3.000000000000;3.000000000000;3.000000000000;4.000000000000;3.000000000000;4.000000000000;3.000000000000;4.000000000000;3.000000000000;4.000000000000;4.000000000000;4.000000000000;3.000000000000;3.000000000000;3.000000000000;3.000000000000;3.000000000000;4.000000000000;4.000000000000;4.000000000000;4.000000000000;4.000000000000
171.000000000000;Wanita;45 - 55 tahun;DIII;25 - 30 tahun;15 - 20 tahun;3.000000000000;4.000000000000;3.000000000000;3.000000000000;4.000000000000;4.000000000000;3.000000000000;3.000000000000;3.000000000000;3.000000000000;3.000000000000;3.000000000000;3.000000000000;3.000000000000;4.000000000000;3.000000000000;4.000000000000;3.000000000000;3.000000000000;3.000000000000;4.000000000000;3.000000000000;4.000000000000;3.000000000000;3.000000000000;4.000000000000;3.000000000000;3.000000000000;3.000000000000;3.000000000000;3.000000000000;3.000000000000
172.000000000000;Pria;> 55 tahun;S1;> 30 tahun;10 - 15 tahun;3.000000000000;3.000000000000;3.000000000000;3.000000000000;3.000000000000;3.000000000000;4.000000000000;3.000000000000;3.000000000000;3.000000000000;3.000000000000;3.000000000000;3.000000000000;3.000000000000;3.000000000000;4.000000000000;2.000000000000;3.000000000000;3.000000000000;3.000000000000;3.000000000000;3.000000000000;3.000000000000;3.000000000000;4.000000000000;3.000000000000;3.000000000000;3.000000000000;3.000000000000;3.000000000000;3.000000000000;3.000000000000
173.000000000000;Pria;35 - 45 tahun;S1;15 - 20 tahun;10 - 15 tahun;3.000000000000;4.000000000000;3.000000000000;3.000000000000;3.000000000000;3.000000000000;3.000000000000;3.000000000000;3.000000000000;3.000000000000;3.000000000000;3.000000000000;3.000000000000;3.000000000000;3.000000000000;3.000000000000;3.000000000000;2.000000000000;3.000000000000;3.000000000000;3.000000000000;3.000000000000;3.000000000000;3.000000000000;3.000000000000;3.000000000000;3.000000000000;3.000000000000;3.000000000000;3.000000000000;3.000000000000;3.000000000000
174.000000000000;Wanita;35 - 45 tahun;S1;15 - 20 tahun;10 - 15 tahun;3.000000000000;3.000000000000;4.000000000000;3.000000000000;3.000000000000;3.000000000000;4.000000000000;3.000000000000;3.000000000000;3.000000000000;3.000000000000;3.000000000000;3.000000000000;3.000000000000;3.000000000000;3.000000000000;4.000000000000;3.000000000000;3.000000000000;3.000000000000;3.000000000000;3.000000000000;3.000000000000;3.000000000000;3.000000000000;3.000000000000;3.000000000000;3.000000000000;3.000000000000;4.000000000000;4.000000000000;3.000000000000
175.000000000000;Pria;45 - 55 tahun;S2;15 - 20 tahun;10 - 15 tahun;4.000000000000;4.000000000000;4.000000000000;4.000000000000;4.000000000000;4.000000000000;4.000000000000;4.000000000000;4.000000000000;3.000000000000;4.000000000000;4.000000000000;4.000000000000;4.000000000000;4.000000000000;4.000000000000;4.000000000000;4.000000000000;3.000000000000;4.000000000000;4.000000000000;4.000000000000;4.000000000000;4.000000000000;4.000000000000;4.000000000000;3.000000000000;4.000000000000;4.000000000000;4.000000000000;4.000000000000;4.000000000000
176.000000000000;Pria;35 - 45 tahun;S1;10 - 15 tahun;10 - 15 tahun;4.000000000000;3.000000000000;3.000000000000;3.000000000000;4.000000000000;3.000000000000;3.000000000000;4.000000000000;4.000000000000;4.000000000000;4.000000000000;4.000000000000;4.000000000000;3.000000000000;4.000000000000;4.000000000000;3.000000000000;2.000000000000;3.000000000000;3.000000000000;4.000000000000;3.000000000000;3.000000000000;4.000000000000;3.000000000000;4.000000000000;4.000000000000;4.000000000000;3.000000000000;3.000000000000;4.000000000000;4.000000000000
177.000000000000;Pria;35 - 45 tahun;S1;15 - 20 tahun;5 - 10 tahun;3.000000000000;3.000000000000;3.000000000000;3.000000000000;4.000000000000;3.000000000000;3.000000000000;3.000000000000;4.000000000000;4.000000000000;4.000000000000;3.000000000000;4.000000000000;3.000000000000;4.000000000000;3.000000000000;3.000000000000;3.000000000000;3.000000000000;3.000000000000;3.000000000000;3.000000000000;3.000000000000;3.000000000000;3.000000000000;3.000000000000;3.000000000000;3.000000000000;4.000000000000;3.000000000000;3.000000000000;3.000000000000
178.000000000000;Wanita;35 - 45 tahun;S1;5 - 10 tahun;< 5 tahun;4.000000000000;4.000000000000;4.000000000000;4.000000000000;4.000000000000;4.000000000000;4.000000000000;4.000000000000;4.000000000000;4.000000000000;4.000000000000;4.000000000000;4.000000000000;3.000000000000;4.000000000000;4.000000000000;4.000000000000;4.000000000000;4.000000000000;3.000000000000;4.000000000000;4.000000000000;4.000000000000;4.000000000000;4.000000000000;4.000000000000;4.000000000000;4.000000000000;4.000000000000;4.000000000000;3.000000000000;4.000000000000
179.000000000000;Pria;35 - 45 tahun;S1;15 - 20 tahun;5 - 10 tahun;3.000000000000;4.000000000000;3.000000000000;3.000000000000;4.000000000000;3.000000000000;3.000000000000;3.000000000000;3.000000000000;4.000000000000;4.000000000000;4.000000000000;4.000000000000;4.000000000000;4.000000000000;4.000000000000;4.000000000000;3.000000000000;2.000000000000;4.000000000000;4.000000000000;4.000000000000;4.000000000000;4.000000000000;4.000000000000;4.000000000000;4.000000000000;4.000000000000;4.000000000000;4.000000000000;4.000000000000;4.000000000000
180.000000000000;Pria;45 - 55 tahun;S1;25 - 30 tahun;10 - 15 tahun;4.000000000000;4.000000000000;4.000000000000;4.000000000000;4.000000000000;4.000000000000;4.000000000000;4.000000000000;3.000000000000;4.000000000000;4.000000000000;4.000000000000;4.000000000000;4.000000000000;4.000000000000;4.000000000000;4.000000000000;2.000000000000;2.000000000000;3.000000000000;3.000000000000;4.000000000000;4.000000000000;4.000000000000;4.000000000000;4.000000000000;4.000000000000;3.000000000000;4.000000000000;4.000000000000;4.000000000000;4.000000000000
181.000000000000;Wanita;35 - 45 tahun;S1;10 - 15 tahun;5 - 10 tahun;4.000000000000;4.000000000000;3.000000000000;3.000000000000;4.000000000000;3.000000000000;3.000000000000;3.000000000000;3.000000000000;4.000000000000;4.000000000000;4.000000000000;4.000000000000;4.000000000000;4.000000000000;4.000000000000;4.000000000000;4.000000000000;4.000000000000;4.000000000000;3.000000000000;3.000000000000;4.000000000000;4.000000000000;4.000000000000;4.000000000000;4.000000000000;4.000000000000;3.000000000000;4.000000000000;4.000000000000;4.000000000000
182.000000000000;Pria;35 - 45 tahun;S2;15 - 20 tahun;< 5 tahun;3.000000000000;3.000000000000;3.000000000000;3.000000000000;3.000000000000;3.000000000000;3.000000000000;3.000000000000;4.000000000000;3.000000000000;3.000000000000;3.000000000000;3.000000000000;3.000000000000;3.000000000000;3.000000000000;3.000000000000;3.000000000000;2.000000000000;3.000000000000;3.000000000000;3.000000000000;3.000000000000;3.000000000000;3.000000000000;3.000000000000;3.000000000000;3.000000000000;3.000000000000;3.000000000000;3.000000000000;3.000000000000
183.000000000000;Pria;35 - 45 tahun;S1;15 - 20 tahun;5 - 10 tahun;4.000000000000;3.000000000000;4.000000000000;3.000000000000;3.000000000000;3.000000000000;3.000000000000;3.000000000000;4.000000000000;4.000000000000;4.000000000000;3.000000000000;3.000000000000;3.000000000000;3.000000000000;3.000000000000;2.000000000000;3.000000000000;3.000000000000;3.000000000000;3.000000000000;3.000000000000;3.000000000000;4.000000000000;4.000000000000;3.000000000000;3.000000000000;3.000000000000;3.000000000000;3.000000000000;3.000000000000;3.000000000000
184.000000000000;Pria;45 - 55 tahun;S2;25 - 30 tahun;10 - 15 tahun;4.000000000000;4.000000000000;3.000000000000;3.000000000000;4.000000000000;3.000000000000;3.000000000000;3.000000000000;3.000000000000;4.000000000000;4.000000000000;3.000000000000;4.000000000000;4.000000000000;4.000000000000;4.000000000000;4.000000000000;4.000000000000;4.000000000000;2.000000000000;2.000000000000;4.000000000000;4.000000000000;4.000000000000;4.000000000000;4.000000000000;4.000000000000;4.000000000000;4.000000000000;4.000000000000;4.000000000000;4.000000000000
185.000000000000;Pria;> 55 tahun;S2;> 30 tahun;15 - 20 tahun;3.000000000000;4.000000000000;3.000000000000;3.000000000000;3.000000000000;3.000000000000;3.000000000000;3.000000000000;3.000000000000;3.000000000000;3.000000000000;3.000000000000;3.000000000000;3.000000000000;3.000000000000;3.000000000000;3.000000000000;3.000000000000;3.000000000000;3.000000000000;3.000000000000;3.000000000000;3.000000000000;3.000000000000;3.000000000000;3.000000000000;3.000000000000;3.000000000000;3.000000000000;3.000000000000;3.000000000000;3.000000000000
186.000000000000;Pria;45 - 55 tahun;S2;25 - 30 tahun;10 - 15 tahun;4.000000000000;4.000000000000;4.000000000000;4.000000000000;4.000000000000;3.000000000000;3.000000000000;4.000000000000;4.000000000000;4.000000000000;4.000000000000;4.000000000000;4.000000000000;4.000000000000;4.000000000000;4.000000000000;4.000000000000;4.000000000000;4.000000000000;4.000000000000;4.000000000000;3.000000000000;4.000000000000;4.000000000000;4.000000000000;4.000000000000;3.000000000000;4.000000000000;4.000000000000;3.000000000000;4.000000000000;4.000000000000
187.000000000000;Pria;45 - 55 tahun;DIII;25 - 30 tahun;5 - 10 tahun;3.000000000000;3.000000000000;3.000000000000;3.000000000000;3.000000000000;3.000000000000;4.000000000000;3.000000000000;4.000000000000;3.000000000000;3.000000000000;3.000000000000;3.000000000000;4.000000000000;3.000000000000;4.000000000000;4.000000000000;4.000000000000;4.000000000000;2.000000000000;3.000000000000;2.000000000000;3.000000000000;4.000000000000;4.000000000000;4.000000000000;4.000000000000;4.000000000000;3.000000000000;4.000000000000;4.000000000000;4.000000000000
188.000000000000;Wanita;35 - 45 tahun;S1;15 - 20 tahun;5 - 10 tahun;3.000000000000;3.000000000000;3.000000000000;3.000000000000;4.000000000000;3.000000000000;4.000000000000;3.000000000000;3.000000000000;4.000000000000;4.000000000000;4.000000000000;4.000000000000;3.000000000000;4.000000000000;3.000000000000;3.000000000000;3.000000000000;2.000000000000;3.000000000000;3.000000000000;4.000000000000;3.000000000000;3.000000000000;3.000000000000;4.000000000000;3.000000000000;3.000000000000;3.000000000000;3.000000000000;4.000000000000;4.000000000000
189.000000000000;Pria;35 - 45 tahun;S1;10 - 15 tahun;5 - 10 tahun;4.000000000000;4.000000000000;3.000000000000;3.000000000000;4.000000000000;3.000000000000;3.000000000000;3.000000000000;3.000000000000;4.000000000000;4.000000000000;4.000000000000;4.000000000000;3.000000000000;4.000000000000;3.000000000000;3.000000000000;3.000000000000;4.000000000000;4.000000000000;2.000000000000;3.000000000000;3.000000000000;4.000000000000;3.000000000000;3.000000000000;3.000000000000;3.000000000000;4.000000000000;3.000000000000;3.000000000000;3.000000000000
190.000000000000;Pria;35 - 45 tahun;S1;15 - 20 tahun;10 - 15 tahun;3.000000000000;4.000000000000;4.000000000000;4.000000000000;4.000000000000;4.000000000000;4.000000000000;4.000000000000;4.000000000000;4.000000000000;4.000000000000;4.000000000000;4.000000000000;4.000000000000;4.000000000000;4.000000000000;4.000000000000;4.000000000000;4.000000000000;4.000000000000;4.000000000000;3.000000000000;4.000000000000;4.000000000000;4.000000000000;4.000000000000;4.000000000000;4.000000000000;4.000000000000;4.000000000000;4.000000000000;4.000000000000
191.000000000000;Wanita;45 - 55 tahun;S1;25 - 30 tahun;15 - 20 tahun;4.000000000000;4.000000000000;3.000000000000;4.000000000000;3.000000000000;3.000000000000;3.000000000000;4.000000000000;3.000000000000;4.000000000000;3.000000000000;3.000000000000;3.000000000000;3.000000000000;3.000000000000;3.000000000000;2.000000000000;3.000000000000;4.000000000000;3.000000000000;3.000000000000;3.000000000000;3.000000000000;3.000000000000;3.000000000000;3.000000000000;3.000000000000;4.000000000000;4.000000000000;3.000000000000;3.000000000000;4.000000000000
192.000000000000;Pria;45 - 55 tahun;S2;25 - 30 tahun;10 - 15 tahun;4.000000000000;4.000000000000;4.000000000000;3.000000000000;4.000000000000;4.000000000000;4.000000000000;4.000000000000;4.000000000000;4.000000000000;4.000000000000;4.000000000000;4.000000000000;3.000000000000;4.000000000000;4.000000000000;2.000000000000;3.000000000000;4.000000000000;4.000000000000;4.000000000000;3.000000000000;4.000000000000;4.000000000000;4.000000000000;4.000000000000;4.000000000000;4.000000000000;4.000000000000;4.000000000000;4.000000000000;4.000000000000
193.000000000000;Wanita;35 - 45 tahun;S2;15 - 20 tahun;10 - 15 tahun;3.000000000000;4.000000000000;4.000000000000;3.000000000000;3.000000000000;3.000000000000;3.000000000000;4.000000000000;3.000000000000;3.000000000000;3.000000000000;3.000000000000;3.000000000000;3.000000000000;3.000000000000;2.000000000000;3.000000000000;3.000000000000;3.000000000000;3.000000000000;4.000000000000;4.000000000000;4.000000000000;3.000000000000;3.000000000000;3.000000000000;4.000000000000;3.000000000000;3.000000000000;3.000000000000;4.000000000000;4.000000000000
194.000000000000;Wanita;35 - 45 tahun;S2;5 - 10 tahun;5 - 10 tahun;4.000000000000;3.000000000000;3.000000000000;3.000000000000;3.000000000000;3.000000000000;4.000000000000;3.000000000000;3.000000000000;3.000000000000;3.000000000000;3.000000000000;3.000000000000;3.000000000000;3.000000000000;3.000000000000;3.000000000000;4.000000000000;3.000000000000;3.000000000000;3.000000000000;3.000000000000;3.000000000000;3.000000000000;3.000000000000;3.000000000000;3.000000000000;3.000000000000;3.000000000000;4.000000000000;3.000000000000;3.000000000000
195.000000000000;Wanita;25 - 35 tahun;S1;5 - 10 tahun;< 5 tahun;3.000000000000;4.000000000000;3.000000000000;3.000000000000;3.000000000000;3.000000000000;4.000000000000;3.000000000000;3.000000000000;3.000000000000;3.000000000000;3.000000000000;3.000000000000;3.000000000000;3.000000000000;3.000000000000;3.000000000000;2.000000000000;3.000000000000;3.000000000000;3.000000000000;4.000000000000;3.000000000000;3.000000000000;3.000000000000;3.000000000000;3.000000000000;3.000000000000;3.000000000000;3.000000000000;3.000000000000;3.000000000000
196.000000000000;Wanita;45 - 55 tahun;S1;25 - 30 tahun;15 - 20 tahun;3.000000000000;3.000000000000;3.000000000000;3.000000000000;3.000000000000;3.000000000000;3.000000000000;3.000000000000;3.000000000000;3.000000000000;3.000000000000;3.000000000000;3.000000000000;3.000000000000;3.000000000000;3.000000000000;3.000000000000;3.000000000000;2.000000000000;3.000000000000;3.000000000000;3.000000000000;3.000000000000;3.000000000000;3.000000000000;3.000000000000;3.000000000000;4.000000000000;3.000000000000;4.000000000000;3.000000000000;3.000000000000
197.000000000000;Wanita;35 - 45 tahun;S1;10 - 15 tahun;10 - 15 tahun;3.000000000000;3.000000000000;3.000000000000;3.000000000000;3.000000000000;3.000000000000;4.000000000000;3.000000000000;3.000000000000;3.000000000000;3.000000000000;3.000000000000;4.000000000000;3.000000000000;3.000000000000;3.000000000000;4.000000000000;2.000000000000;4.000000000000;3.000000000000;4.000000000000;3.000000000000;3.000000000000;3.000000000000;3.000000000000;3.000000000000;3.000000000000;4.000000000000;4.000000000000;4.000000000000;3.000000000000;3.000000000000
198.000000000000;Pria;45 - 55 tahun;S2;25 - 30 tahun;10 - 15 tahun;3.000000000000;4.000000000000;4.000000000000;3.000000000000;3.000000000000;3.000000000000;3.000000000000;4.000000000000;4.000000000000;3.000000000000;3.000000000000;3.000000000000;3.000000000000;3.000000000000;3.000000000000;3.000000000000;3.000000000000;3.000000000000;3.000000000000;3.000000000000;4.000000000000;3.000000000000;3.000000000000;3.000000000000;3.000000000000;3.000000000000;3.000000000000;4.000000000000;4.000000000000;3.000000000000;3.000000000000;3.000000000000
199.000000000000;Pria;35 - 45 tahun;S1;10 - 15 tahun;< 5 tahun;4.000000000000;4.000000000000;4.000000000000;4.000000000000;4.000000000000;4.000000000000;4.000000000000;4.000000000000;4.000000000000;4.000000000000;3.000000000000;4.000000000000;4.000000000000;4.000000000000;4.000000000000;4.000000000000;4.000000000000;4.000000000000;4.000000000000;4.000000000000;3.000000000000;4.000000000000;4.000000000000;4.000000000000;4.000000000000;4.000000000000;4.000000000000;4.000000000000;4.000000000000;4.000000000000;4.000000000000;3.000000000000
200.000000000000;Wanita;35 - 45 tahun;S1;10 - 15 tahun;5 - 10 tahun;3.000000000000;4.000000000000;3.000000000000;3.000000000000;3.000000000000;3.000000000000;3.000000000000;3.000000000000;3.000000000000;3.000000000000;3.000000000000;3.000000000000;3.000000000000;3.000000000000;3.000000000000;3.000000000000;2.000000000000;3.000000000000;3.000000000000;3.000000000000;3.000000000000;4.000000000000;4.000000000000;3.000000000000;3.000000000000;3.000000000000;3.000000000000;4.000000000000;3.000000000000;4.000000000000;3.000000000000;3.000000000000
201.000000000000;Pria;35 - 45 tahun;S1;15 - 20 tahun;5 - 10 tahun;4.000000000000;4.000000000000;4.000000000000;3.000000000000;4.000000000000;4.000000000000;4.000000000000;4.000000000000;4.000000000000;4.000000000000;4.000000000000;4.000000000000;4.000000000000;4.000000000000;4.000000000000;4.000000000000;3.000000000000;4.000000000000;4.000000000000;3.000000000000;4.000000000000;4.000000000000;4.000000000000;4.000000000000;4.000000000000;4.000000000000;4.000000000000;4.000000000000;4.000000000000;4.000000000000;4.000000000000;4.000000000000
202.000000000000;Wanita;35 - 45 tahun;S1;5 - 10 tahun;< 5 tahun;4.000000000000;4.000000000000;3.000000000000;3.000000000000;4.000000000000;3.000000000000;3.000000000000;3.000000000000;4.000000000000;4.000000000000;4.000000000000;4.000000000000;4.000000000000;4.000000000000;4.000000000000;4.000000000000;4.000000000000;3.000000000000;4.000000000000;4.000000000000;4.000000000000;4.000000000000;4.000000000000;4.000000000000;4.000000000000;4.000000000000;4.000000000000;4.000000000000;4.000000000000;4.000000000000;4.000000000000;4.000000000000
203.000000000000;Pria;45 - 55 tahun;S2;15 - 20 tahun;10 - 15 tahun;3.000000000000;4.000000000000;3.000000000000;3.000000000000;3.000000000000;3.000000000000;3.000000000000;3.000000000000;3.000000000000;3.000000000000;3.000000000000;3.000000000000;3.000000000000;3.000000000000;3.000000000000;3.000000000000;3.000000000000;3.000000000000;3.000000000000;3.000000000000;3.000000000000;3.000000000000;3.000000000000;3.000000000000;3.000000000000;3.000000000000;3.000000000000;4.000000000000;3.000000000000;3.000000000000;3.000000000000;4.000000000000
204.000000000000;Pria;35 - 45 tahun;S2;15 - 20 tahun;10 - 15 tahun;4.000000000000;4.000000000000;4.000000000000;3.000000000000;4.000000000000;4.000000000000;4.000000000000;4.000000000000;4.000000000000;4.000000000000;4.000000000000;4.000000000000;4.000000000000;3.000000000000;4.000000000000;2.000000000000;2.000000000000;3.000000000000;3.000000000000;2.000000000000;4.000000000000;4.000000000000;4.000000000000;4.000000000000;4.000000000000;4.000000000000;4.000000000000;4.000000000000;4.000000000000;4.000000000000;4.000000000000;4.000000000000
205.000000000000;Pria;45 - 55 tahun;S2;25 - 30 tahun;10 - 15 tahun;3.000000000000;4.000000000000;3.000000000000;3.000000000000;4.000000000000;3.000000000000;3.000000000000;3.000000000000;3.000000000000;4.000000000000;4.000000000000;4.000000000000;4.000000000000;3.000000000000;4.000000000000;3.000000000000;3.000000000000;3.000000000000;3.000000000000;3.000000000000;3.000000000000;3.000000000000;3.000000000000;3.000000000000;3.000000000000;4.000000000000;3.000000000000;4.000000000000;3.000000000000;3.000000000000;4.000000000000;4.000000000000
206.000000000000;Pria;35 - 45 tahun;S1;10 - 15 tahun;5 - 10 tahun;4.000000000000;4.000000000000;4.000000000000;3.000000000000;4.000000000000;3.000000000000;3.000000000000;4.000000000000;3.000000000000;4.000000000000;4.000000000000;4.000000000000;3.000000000000;3.000000000000;4.000000000000;4.000000000000;3.000000000000;2.000000000000;3.000000000000;3.000000000000;4.000000000000;3.000000000000;3.000000000000;3.000000000000;3.000000000000;3.000000000000;3.000000000000;4.000000000000;4.000000000000;3.000000000000;4.000000000000;4.000000000000
207.000000000000;Wanita;45 - 55 tahun;S2;10 - 15 tahun;< 5 tahun;3.000000000000;4.000000000000;3.000000000000;3.000000000000;3.000000000000;3.000000000000;3.000000000000;3.000000000000;3.000000000000;3.000000000000;3.000000000000;3.000000000000;3.000000000000;3.000000000000;3.000000000000;3.000000000000;3.000000000000;3.000000000000;2.000000000000;3.000000000000;3.000000000000;3.000000000000;3.000000000000;3.000000000000;3.000000000000;3.000000000000;3.000000000000;3.000000000000;3.000000000000;3.000000000000;3.000000000000;3.000000000000
208.000000000000;Wanita;35 - 45 tahun;S1;15 - 20 tahun;5 - 10 tahun;3.000000000000;3.000000000000;3.000000000000;3.000000000000;3.000000000000;3.000000000000;3.000000000000;3.000000000000;3.000000000000;3.000000000000;3.000000000000;3.000000000000;3.000000000000;4.000000000000;3.000000000000;3.000000000000;3.000000000000;4.000000000000;3.000000000000;3.000000000000;3.000000000000;4.000000000000;3.000000000000;3.000000000000;3.000000000000;3.000000000000;3.000000000000;4.000000000000;3.000000000000;4.000000000000;3.000000000000;3.000000000000
209.000000000000;Pria;45 - 55 tahun;S2;15 - 20 tahun;10 - 15 tahun;3.000000000000;3.000000000000;3.000000000000;3.000000000000;3.000000000000;3.000000000000;3.000000000000;3.000000000000;3.000000000000;3.000000000000;3.000000000000;3.000000000000;3.000000000000;3.000000000000;3.000000000000;3.000000000000;3.000000000000;3.000000000000;3.000000000000;3.000000000000;4.000000000000;3.000000000000;3.000000000000;3.000000000000;3.000000000000;3.000000000000;3.000000000000;4.000000000000;3.000000000000;3.000000000000;4.000000000000;4.000000000000
210.000000000000;Pria;35 - 45 tahun;S1;10 - 15 tahun;5 - 10 tahun;4.000000000000;4.000000000000;4.000000000000;4.000000000000;4.000000000000;4.000000000000;4.000000000000;3.000000000000;4.000000000000;4.000000000000;4.000000000000;3.000000000000;4.000000000000;4.000000000000;4.000000000000;4.000000000000;3.000000000000;2.000000000000;2.000000000000;2.000000000000;4.000000000000;4.000000000000;4.000000000000;4.000000000000;4.000000000000;4.000000000000;4.000000000000;4.000000000000;4.000000000000;4.000000000000;4.000000000000;4.000000000000
211.000000000000;Pria;45 - 55 tahun;S2;25 - 30 tahun;5 - 10 tahun;4.000000000000;4.000000000000;4.000000000000;4.000000000000;4.000000000000;4.000000000000;3.000000000000;4.000000000000;4.000000000000;4.000000000000;4.000000000000;4.000000000000;4.000000000000;4.000000000000;4.000000000000;3.000000000000;3.000000000000;2.000000000000;2.000000000000;4.000000000000;4.000000000000;4.000000000000;4.000000000000;4.000000000000;4.000000000000;4.000000000000;4.000000000000;4.000000000000;4.000000000000;4.000000000000;4.000000000000;4.000000000000
212.000000000000;Wanita;35 - 45 tahun;S1;15 - 20 tahun;5 - 10 tahun;4.000000000000;4.000000000000;4.000000000000;4.000000000000;4.000000000000;4.000000000000;4.000000000000;4.000000000000;3.000000000000;4.000000000000;4.000000000000;4.000000000000;4.000000000000;4.000000000000;4.000000000000;4.000000000000;4.000000000000;4.000000000000;4.000000000000;4.000000000000;4.000000000000;4.000000000000;3.000000000000;4.000000000000;4.000000000000;4.000000000000;4.000000000000;4.000000000000;4.000000000000;4.000000000000;4.000000000000;4.000000000000
213.000000000000;Wanita;45 - 55 tahun;S1;10 - 15 tahun;5 - 10 tahun;4.000000000000;4.000000000000;4.000000000000;3.000000000000;3.000000000000;4.000000000000;3.000000000000;4.000000000000;3.000000000000;4.000000000000;3.000000000000;4.000000000000;4.000000000000;4.000000000000;4.000000000000;3.000000000000;4.000000000000;3.000000000000;2.000000000000;3.000000000000;3.000000000000;3.000000000000;3.000000000000;3.000000000000;4.000000000000;3.000000000000;3.000000000000;4.000000000000;4.000000000000;4.000000000000;4.000000000000;3.000000000000
214.000000000000;Wanita;35 - 45 tahun;S1;5 - 10 tahun;5 - 10 tahun;3.000000000000;4.000000000000;3.000000000000;3.000000000000;3.000000000000;4.000000000000;3.000000000000;3.000000000000;3.000000000000;4.000000000000;3.000000000000;3.000000000000;3.000000000000;3.000000000000;4.000000000000;3.000000000000;3.000000000000;3.000000000000;3.000000000000;3.000000000000;3.000000000000;4.000000000000;4.000000000000;3.000000000000;3.000000000000;4.000000000000;3.000000000000;4.000000000000;3.000000000000;4.000000000000;4.000000000000;3.000000000000
215.000000000000;Pria;35 - 45 tahun;S1;10 - 15 tahun;< 5 tahun;3.000000000000;3.000000000000;3.000000000000;3.000000000000;4.000000000000;3.000000000000;3.000000000000;3.000000000000;3.000000000000;4.000000000000;4.000000000000;3.000000000000;4.000000000000;3.000000000000;4.000000000000;3.000000000000;3.000000000000;3.000000000000;2.000000000000;3.000000000000;2.000000000000;3.000000000000;3.000000000000;3.000000000000;3.000000000000;3.000000000000;3.000000000000;4.000000000000;3.000000000000;4.000000000000;3.000000000000;3.000000000000
216.000000000000;Pria;45 - 55 tahun;S2;25 - 30 tahun;5 - 10 tahun;3.000000000000;4.000000000000;3.000000000000;3.000000000000;4.000000000000;4.000000000000;3.000000000000;3.000000000000;3.000000000000;4.000000000000;4.000000000000;4.000000000000;4.000000000000;4.000000000000;4.000000000000;4.000000000000;4.000000000000;4.000000000000;4.000000000000;3.000000000000;3.000000000000;4.000000000000;3.000000000000;3.000000000000;3.000000000000;3.000000000000;3.000000000000;4.000000000000;3.000000000000;3.000000000000;3.000000000000;4.000000000000
217.000000000000;Pria;35 - 45 tahun;S1;5 - 10 tahun;5 - 10 tahun;4.000000000000;4.000000000000;4.000000000000;4.000000000000;4.000000000000;4.000000000000;3.000000000000;4.000000000000;4.000000000000;4.000000000000;4.000000000000;4.000000000000;4.000000000000;4.000000000000;4.000000000000;4.000000000000;3.000000000000;4.000000000000;4.000000000000;4.000000000000;4.000000000000;4.000000000000;4.000000000000;4.000000000000;4.000000000000;4.000000000000;4.000000000000;4.000000000000;4.000000000000;4.000000000000;4.000000000000;4.000000000000
218.000000000000;Pria;35 - 45 tahun;S1;5 - 10 tahun;< 5 tahun;3.000000000000;3.000000000000;3.000000000000;3.000000000000;4.000000000000;3.000000000000;4.000000000000;3.000000000000;4.000000000000;4.000000000000;4.000000000000;4.000000000000;4.000000000000;4.000000000000;4.000000000000;4.000000000000;4.000000000000;4.000000000000;4.000000000000;3.000000000000;4.000000000000;2.000000000000;3.000000000000;3.000000000000;4.000000000000;3.000000000000;3.000000000000;4.000000000000;4.000000000000;4.000000000000;4.000000000000;4.000000000000
219.000000000000;Pria;35 - 45 tahun;S1;10 - 15 tahun;< 5 tahun;4.000000000000;4.000000000000;3.000000000000;3.000000000000;3.000000000000;3.000000000000;3.000000000000;3.000000000000;3.000000000000;4.000000000000;3.000000000000;4.000000000000;3.000000000000;3.000000000000;4.000000000000;3.000000000000;3.000000000000;3.000000000000;3.000000000000;3.000000000000;2.000000000000;3.000000000000;3.000000000000;3.000000000000;3.000000000000;3.000000000000;3.000000000000;4.000000000000;3.000000000000;3.000000000000;4.000000000000;3.000000000000
220.000000000000;Wanita;35 - 45 tahun;S1;10 - 15 tahun;< 5 tahun;3.000000000000;3.000000000000;3.000000000000;3.000000000000;3.000000000000;3.000000000000;4.000000000000;3.000000000000;3.000000000000;3.000000000000;3.000000000000;3.000000000000;3.000000000000;3.000000000000;3.000000000000;4.000000000000;4.000000000000;3.000000000000;4.000000000000;2.000000000000;3.000000000000;3.000000000000;3.000000000000;3.000000000000;4.000000000000;3.000000000000;3.000000000000;4.000000000000;3.000000000000;3.000000000000;3.000000000000;3.000000000000
221.000000000000;Wanita;35 - 45 tahun;S1;5 - 10 tahun;< 5 tahun;4.000000000000;4.000000000000;4.000000000000;4.000000000000;4.000000000000;4.000000000000;3.000000000000;3.000000000000;3.000000000000;4.000000000000;4.000000000000;4.000000000000;4.000000000000;3.000000000000;4.000000000000;3.000000000000;2.000000000000;3.000000000000;3.000000000000;3.000000000000;3.000000000000;3.000000000000;4.000000000000;4.000000000000;4.000000000000;4.000000000000;4.000000000000;4.000000000000;3.000000000000;4.000000000000;4.000000000000;4.000000000000
222.000000000000;Wanita;25 - 35 tahun;S1;5 - 10 tahun;< 5 tahun;3.000000000000;3.000000000000;3.000000000000;3.000000000000;4.000000000000;3.000000000000;3.000000000000;3.000000000000;3.000000000000;4.000000000000;4.000000000000;3.000000000000;4.000000000000;3.000000000000;4.000000000000;3.000000000000;2.000000000000;2.000000000000;3.000000000000;3.000000000000;4.000000000000;3.000000000000;4.000000000000;3.000000000000;3.000000000000;3.000000000000;4.000000000000;4.000000000000;4.000000000000;4.000000000000;4.000000000000;4.000000000000
223.000000000000;Pria;35 - 45 tahun;S1;15 - 20 tahun;5 - 10 tahun;3.000000000000;3.000000000000;3.000000000000;3.000000000000;3.000000000000;4.000000000000;3.000000000000;4.000000000000;4.000000000000;4.000000000000;3.000000000000;4.000000000000;3.000000000000;3.000000000000;3.000000000000;3.000000000000;3.000000000000;3.000000000000;2.000000000000;3.000000000000;3.000000000000;3.000000000000;3.000000000000;3.000000000000;3.000000000000;4.000000000000;3.000000000000;3.000000000000;3.000000000000;3.000000000000;3.000000000000;3.000000000000
224.000000000000;Pria;> 55 tahun;S1;> 30 tahun;15 - 20 tahun;4.000000000000;3.000000000000;3.000000000000;3.000000000000;3.000000000000;3.000000000000;4.000000000000;3.000000000000;3.000000000000;3.000000000000;3.000000000000;3.000000000000;3.000000000000;3.000000000000;3.000000000000;3.000000000000;3.000000000000;3.000000000000;2.000000000000;3.000000000000;3.000000000000;3.000000000000;3.000000000000;3.000000000000;3.000000000000;4.000000000000;3.000000000000;3.000000000000;3.000000000000;3.000000000000;3.000000000000;3.000000000000
225.000000000000;Pria;45 - 55 tahun;S2;25 - 30 tahun;5 - 10 tahun;4.000000000000;4.000000000000;4.000000000000;4.000000000000;4.000000000000;4.000000000000;4.000000000000;4.000000000000;4.000000000000;4.000000000000;3.000000000000;4.000000000000;4.000000000000;4.000000000000;4.000000000000;4.000000000000;4.000000000000;4.000000000000;3.000000000000;3.000000000000;3.000000000000;3.000000000000;4.000000000000;3.000000000000;4.000000000000;4.000000000000;4.000000000000;3.000000000000;4.000000000000;4.000000000000;4.000000000000;4.000000000000
226.000000000000;Wanita;25 - 35 tahun;S1;5 - 10 tahun;< 5 tahun;3.000000000000;3.000000000000;3.000000000000;3.000000000000;3.000000000000;3.000000000000;4.000000000000;3.000000000000;4.000000000000;3.000000000000;3.000000000000;3.000000000000;3.000000000000;3.000000000000;3.000000000000;3.000000000000;3.000000000000;3.000000000000;3.000000000000;4.000000000000;3.000000000000;4.000000000000;3.000000000000;3.000000000000;3.000000000000;3.000000000000;3.000000000000;4.000000000000;3.000000000000;3.000000000000;3.000000000000;3.000000000000
227.000000000000;Wanita;45 - 55 tahun;S2;10 - 15 tahun;5 - 10 tahun;4.000000000000;4.000000000000;4.000000000000;3.000000000000;4.000000000000;4.000000000000;4.000000000000;4.000000000000;4.000000000000;4.000000000000;4.000000000000;4.000000000000;4.000000000000;4.000000000000;4.000000000000;4.000000000000;4.000000000000;4.000000000000;4.000000000000;4.000000000000;4.000000000000;3.000000000000;4.000000000000;3.000000000000;4.000000000000;4.000000000000;4.000000000000;4.000000000000;4.000000000000;4.000000000000;4.000000000000;4.000000000000
228.000000000000;Wanita;45 - 55 tahun;S2;10 - 15 tahun;5 - 10 tahun;4.000000000000;4.000000000000;3.000000000000;3.000000000000;4.000000000000;3.000000000000;3.000000000000;3.000000000000;3.000000000000;4.000000000000;4.000000000000;4.000000000000;4.000000000000;4.000000000000;4.000000000000;3.000000000000;3.000000000000;2.000000000000;3.000000000000;2.000000000000;4.000000000000;4.000000000000;4.000000000000;4.000000000000;4.000000000000;4.000000000000;4.000000000000;4.000000000000;4.000000000000;4.000000000000;4.000000000000;4.000000000000
229.000000000000;Wanita;45 - 55 tahun;S1;15 - 20 tahun;10 - 15 tahun;4.000000000000;4.000000000000;4.000000000000;3.000000000000;4.000000000000;4.000000000000;4.000000000000;4.000000000000;4.000000000000;4.000000000000;4.000000000000;4.000000000000;4.000000000000;4.000000000000;4.000000000000;4.000000000000;2.000000000000;3.000000000000;2.000000000000;3.000000000000;4.000000000000;4.000000000000;4.000000000000;4.000000000000;4.000000000000;4.000000000000;4.000000000000;4.000000000000;4.000000000000;4.000000000000;4.000000000000;4.000000000000
230.000000000000;Wanita;35 - 45 tahun;S1;10 - 15 tahun;5 - 10 tahun;4.000000000000;3.000000000000;3.000000000000;3.000000000000;4.000000000000;4.000000000000;3.000000000000;3.000000000000;3.000000000000;4.000000000000;4.000000000000;4.000000000000;4.000000000000;4.000000000000;4.000000000000;4.000000000000;4.000000000000;4.000000000000;4.000000000000;4.000000000000;3.000000000000;3.000000000000;4.000000000000;3.000000000000;4.000000000000;4.000000000000;3.000000000000;4.000000000000;3.000000000000;3.000000000000;3.000000000000;4.000000000000
231.000000000000;Pria;35 - 45 tahun;S1;5 - 10 tahun;< 5 tahun;3.000000000000;4.000000000000;3.000000000000;3.000000000000;3.000000000000;3.000000000000;3.000000000000;3.000000000000;3.000000000000;3.000000000000;3.000000000000;3.000000000000;3.000000000000;3.000000000000;3.000000000000;3.000000000000;3.000000000000;2.000000000000;2.000000000000;3.000000000000;2.000000000000;3.000000000000;3.000000000000;3.000000000000;3.000000000000;3.000000000000;3.000000000000;4.000000000000;3.000000000000;3.000000000000;3.000000000000;4.000000000000
232.000000000000;Pria;35 - 45 tahun;S1;10 - 15 tahun;10 - 15 tahun;4.000000000000;4.000000000000;4.000000000000;3.000000000000;4.000000000000;4.000000000000;4.000000000000;4.000000000000;4.000000000000;4.000000000000;4.000000000000;4.000000000000;4.000000000000;4.000000000000;4.000000000000;4.000000000000;4.000000000000;4.000000000000;4.000000000000;4.000000000000;4.000000000000;4.000000000000;4.000000000000;4.000000000000;4.000000000000;4.000000000000;4.000000000000;4.000000000000;4.000000000000;4.000000000000;4.000000000000;4.000000000000
233.000000000000;Wanita;> 55 tahun;S1;> 30 tahun;15 - 20 tahun;4.000000000000;4.000000000000;4.000000000000;4.000000000000;4.000000000000;4.000000000000;3.000000000000;4.000000000000;4.000000000000;4.000000000000;4.000000000000;4.000000000000;3.000000000000;4.000000000000;4.000000000000;4.000000000000;4.000000000000;3.000000000000;4.000000000000;3.000000000000;3.000000000000;3.000000000000;4.000000000000;4.000000000000;4.000000000000;4.000000000000;4.000000000000;3.000000000000;4.000000000000;4.000000000000;4.000000000000;4.000000000000
234.000000000000;Wanita;> 55 tahun;S1;> 30 tahun;15 - 20 tahun;3.000000000000;3.000000000000;4.000000000000;3.000000000000;3.000000000000;3.000000000000;4.000000000000;3.000000000000;4.000000000000;3.000000000000;3.000000000000;3.000000000000;3.000000000000;3.000000000000;3.000000000000;4.000000000000;3.000000000000;3.000000000000;4.000000000000;4.000000000000;3.000000000000;3.000000000000;3.000000000000;4.000000000000;4.000000000000;3.000000000000;3.000000000000;3.000000000000;3.000000000000;3.000000000000;3.000000000000;4.000000000000
235.000000000000;Pria;45 - 55 tahun;S1;20 - 25 tahun;15 - 20 tahun;4.000000000000;4.000000000000;4.000000000000;3.000000000000;4.000000000000;4.000000000000;4.000000000000;4.000000000000;4.000000000000;4.000000000000;4.000000000000;4.000000000000;3.000000000000;4.000000000000;4.000000000000;4.000000000000;4.000000000000;4.000000000000;4.000000000000;3.000000000000;4.000000000000;4.000000000000;4.000000000000;4.000000000000;4.000000000000;4.000000000000;4.000000000000;4.000000000000;4.000000000000;4.000000000000;3.000000000000;4.000000000000
236.000000000000;Pria;45 - 55 tahun;S1;20 - 25 tahun;15 - 20 tahun;4.000000000000;4.000000000000;4.000000000000;4.000000000000;4.000000000000;4.000000000000;4.000000000000;4.000000000000;4.000000000000;4.000000000000;4.000000000000;3.000000000000;4.000000000000;4.000000000000;4.000000000000;4.000000000000;4.000000000000;3.000000000000;4.000000000000;4.000000000000;4.000000000000;4.000000000000;4.000000000000;3.000000000000;4.000000000000;4.000000000000;4.000000000000;4.000000000000;4.000000000000;4.000000000000;4.000000000000;4.000000000000
237.000000000000;Pria;45 - 55 tahun;S1;20 - 25 tahun;15 - 20 tahun;4.000000000000;4.000000000000;4.000000000000;4.000000000000;4.000000000000;4.000000000000;4.000000000000;3.000000000000;4.000000000000;4.000000000000;4.000000000000;4.000000000000;4.000000000000;4.000000000000;4.000000000000;4.000000000000;2.000000000000;4.000000000000;2.000000000000;4.000000000000;4.000000000000;4.000000000000;4.000000000000;4.000000000000;4.000000000000;4.000000000000;4.000000000000;4.000000000000;4.000000000000;3.000000000000;4.000000000000;4.000000000000
238.000000000000;Pria;35 - 45 tahun;S1;20 - 25 tahun;15 - 20 tahun;4.000000000000;4.000000000000;4.000000000000;4.000000000000;4.000000000000;4.000000000000;4.000000000000;4.000000000000;4.000000000000;4.000000000000;4.000000000000;4.000000000000;4.000000000000;4.000000000000;4.000000000000;4.000000000000;4.000000000000;4.000000000000;4.000000000000;3.000000000000;4.000000000000;4.000000000000;4.000000000000;3.000000000000;4.000000000000;4.000000000000;4.000000000000;4.000000000000;4.000000000000;4.000000000000;4.000000000000;4.000000000000
239.000000000000;Pria;35 - 45 tahun;S1;20 - 25 tahun;15 - 20 tahun;4.000000000000;4.000000000000;4.000000000000;4.000000000000;4.000000000000;3.000000000000;4.000000000000;4.000000000000;4.000000000000;4.000000000000;4.000000000000;4.000000000000;4.000000000000;4.000000000000;4.000000000000;4.000000000000;3.000000000000;4.000000000000;4.000000000000;4.000000000000;4.000000000000;4.000000000000;4.000000000000;4.000000000000;4.000000000000;4.000000000000;4.000000000000;4.000000000000;4.000000000000;4.000000000000;4.000000000000;4.000000000000
240.000000000000;Pria;35 - 45 tahun;S2;20 - 25 tahun;15 - 20 tahun;4.000000000000;4.000000000000;4.000000000000;4.000000000000;4.000000000000;4.000000000000;4.000000000000;4.000000000000;4.000000000000;4.000000000000;3.000000000000;4.000000000000;4.000000000000;4.000000000000;4.000000000000;4.000000000000;3.000000000000;3.000000000000;4.000000000000;2.000000000000;4.000000000000;3.000000000000;4.000000000000;4.000000000000;4.000000000000;4.000000000000;4.000000000000;4.000000000000;4.000000000000;4.000000000000;4.000000000000;4.000000000000
241.000000000000;Pria;35 - 45 tahun;S1;20 - 25 tahun;15 - 20 tahun;4.000000000000;4.000000000000;4.000000000000;4.000000000000;4.000000000000;4.000000000000;4.000000000000;4.000000000000;4.000000000000;4.000000000000;4.000000000000;4.000000000000;4.000000000000;4.000000000000;3.000000000000;4.000000000000;4.000000000000;4.000000000000;4.000000000000;4.000000000000;4.000000000000;4.000000000000;3.000000000000;4.000000000000;4.000000000000;4.000000000000;4.000000000000;4.000000000000;4.000000000000;4.000000000000;4.000000000000;4.000000000000
242.000000000000;Pria;35 - 45 tahun;S1;20 - 25 tahun;15 - 20 tahun;4.000000000000;4.000000000000;4.000000000000;4.000000000000;4.000000000000;4.000000000000;3.000000000000;4.000000000000;4.000000000000;4.000000000000;4.000000000000;4.000000000000;4.000000000000;4.000000000000;3.000000000000;4.000000000000;4.000000000000;4.000000000000;3.000000000000;4.000000000000;4.000000000000;4.000000000000;4.000000000000;3.000000000000;4.000000000000;4.000000000000;4.000000000000;4.000000000000;4.000000000000;4.000000000000;4.000000000000;4.000000000000
243.000000000000;Pria;35 - 45 tahun;S1;20 - 25 tahun;15 - 20 tahun;4.000000000000;4.000000000000;3.000000000000;4.000000000000;4.000000000000;4.000000000000;4.000000000000;4.000000000000;4.000000000000;4.000000000000;4.000000000000;4.000000000000;4.000000000000;4.000000000000;4.000000000000;4.000000000000;2.000000000000;2.000000000000;4.000000000000;4.000000000000;4.000000000000;4.000000000000;4.000000000000;4.000000000000;4.000000000000;3.000000000000;4.000000000000;4.000000000000;4.000000000000;4.000000000000;4.000000000000;4.000000000000
244.000000000000;Pria;35 - 45 tahun;S1;15 - 20 tahun;10 - 15 tahun;4.000000000000;4.000000000000;4.000000000000;4.000000000000;4.000000000000;4.000000000000;4.000000000000;4.000000000000;3.000000000000;4.000000000000;4.000000000000;4.000000000000;4.000000000000;4.000000000000;4.000000000000;4.000000000000;4.000000000000;3.000000000000;4.000000000000;4.000000000000;4.000000000000;4.000000000000;4.000000000000;4.000000000000;4.000000000000;3.000000000000;4.000000000000;4.000000000000;4.000000000000;4.000000000000;4.000000000000;4.000000000000
245.000000000000;Pria;35 - 45 tahun;S2;15 - 20 tahun;10 - 15 tahun;4.000000000000;4.000000000000;4.000000000000;4.000000000000;4.000000000000;4.000000000000;4.000000000000;4.000000000000;4.000000000000;4.000000000000;4.000000000000;4.000000000000;4.000000000000;4.000000000000;4.000000000000;4.000000000000;4.000000000000;3.000000000000;4.000000000000;4.000000000000;4.000000000000;4.000000000000;3.000000000000;4.000000000000;4.000000000000;4.000000000000;4.000000000000;4.000000000000;4.000000000000;4.000000000000;4.000000000000;4.000000000000
246.000000000000;Pria;35 - 45 tahun;S1;15 - 20 tahun;10 - 15 tahun;4.000000000000;4.000000000000;4.000000000000;4.000000000000;4.000000000000;4.000000000000;4.000000000000;4.000000000000;4.000000000000;4.000000000000;4.000000000000;4.000000000000;4.000000000000;4.000000000000;3.000000000000;4.000000000000;2.000000000000;4.000000000000;2.000000000000;4.000000000000;3.000000000000;4.000000000000;4.000000000000;4.000000000000;4.000000000000;4.000000000000;4.000000000000;4.000000000000;4.000000000000;4.000000000000;3.000000000000;4.000000000000
247.000000000000;Pria;35 - 45 tahun;S1;15 - 20 tahun;10 - 15 tahun;4.000000000000;4.000000000000;4.000000000000;4.000000000000;4.000000000000;3.000000000000;4.000000000000;4.000000000000;4.000000000000;4.000000000000;3.000000000000;4.000000000000;4.000000000000;4.000000000000;4.000000000000;4.000000000000;4.000000000000;4.000000000000;4.000000000000;3.000000000000;4.000000000000;4.000000000000;4.000000000000;3.000000000000;4.000000000000;4.000000000000;4.000000000000;4.000000000000;3.000000000000;4.000000000000;4.000000000000;4.000000000000
248.000000000000;Pria;35 - 45 tahun;S1;15 - 20 tahun;10 - 15 tahun;4.000000000000;4.000000000000;4.000000000000;4.000000000000;3.000000000000;4.000000000000;4.000000000000;4.000000000000;4.000000000000;4.000000000000;4.000000000000;4.000000000000;4.000000000000;4.000000000000;3.000000000000;4.000000000000;4.000000000000;3.000000000000;4.000000000000;4.000000000000;3.000000000000;3.000000000000;4.000000000000;4.000000000000;3.000000000000;4.000000000000;4.000000000000;4.000000000000;4.000000000000;4.000000000000;4.000000000000;4.000000000000
249.000000000000;Pria;35 - 45 tahun;S1;15 - 20 tahun;10 - 15 tahun;4.000000000000;4.000000000000;4.000000000000;3.000000000000;4.000000000000;4.000000000000;4.000000000000;4.000000000000;4.000000000000;4.000000000000;4.000000000000;3.000000000000;4.000000000000;4.000000000000;4.000000000000;4.000000000000;4.000000000000;4.000000000000;4.000000000000;3.000000000000;3.000000000000;4.000000000000;4.000000000000;4.000000000000;4.000000000000;4.000000000000;4.000000000000;4.000000000000;4.000000000000;4.000000000000;4.000000000000;4.000000000000
250.000000000000;Pria;35 - 45 tahun;S1;10 - 15 tahun;5 - 10 tahun;4.000000000000;4.000000000000;4.000000000000;4.000000000000;4.000000000000;4.000000000000;4.000000000000;4.000000000000;4.000000000000;4.000000000000;4.000000000000;4.000000000000;4.000000000000;4.000000000000;4.000000000000;3.000000000000;4.000000000000;4.000000000000;4.000000000000;4.000000000000;4.000000000000;4.000000000000;4.000000000000;4.000000000000;4.000000000000;4.000000000000;4.000000000000;4.000000000000;4.000000000000;4.000000000000;4.000000000000;4.000000000000
251.000000000000;Pria;25 - 35 tahun;S1;10 - 15 tahun;5 - 10 tahun;4.000000000000;4.000000000000;4.000000000000;4.000000000000;3.000000000000;4.000000000000;4.000000000000;4.000000000000;4.000000000000;4.000000000000;4.000000000000;4.000000000000;4.000000000000;4.000000000000;4.000000000000;4.000000000000;4.000000000000;4.000000000000;3.000000000000;4.000000000000;4.000000000000;4.000000000000;4.000000000000;4.000000000000;4.000000000000;4.000000000000;4.000000000000;4.000000000000;4.000000000000;4.000000000000;4.000000000000;4.000000000000
252.000000000000;Pria;25 - 35 tahun;S1;10 - 15 tahun;5 - 10 tahun;4.000000000000;4.000000000000;4.000000000000;4.000000000000;4.000000000000;4.000000000000;4.000000000000;4.000000000000;4.000000000000;4.000000000000;4.000000000000;3.000000000000;4.000000000000;4.000000000000;4.000000000000;4.000000000000;3.000000000000;4.000000000000;3.000000000000;3.000000000000;3.000000000000;4.000000000000;4.000000000000;4.000000000000;4.000000000000;4.000000000000;4.000000000000;4.000000000000;4.000000000000;4.000000000000;4.000000000000;4.000000000000
253.000000000000;Wanita;45 - 55 tahun;S1;20 - 25 tahun;15 - 20 tahun;4.000000000000;4.000000000000;4.000000000000;4.000000000000;4.000000000000;4.000000000000;4.000000000000;4.000000000000;3.000000000000;4.000000000000;4.000000000000;4.000000000000;4.000000000000;4.000000000000;4.000000000000;4.000000000000;3.000000000000;4.000000000000;4.000000000000;4.000000000000;4.000000000000;3.000000000000;4.000000000000;4.000000000000;4.000000000000;4.000000000000;4.000000000000;3.000000000000;4.000000000000;4.000000000000;4.000000000000;4.000000000000
254.000000000000;Wanita;45 - 55 tahun;S2;20 - 25 tahun;15 - 20 tahun;4.000000000000;4.000000000000;4.000000000000;4.000000000000;4.000000000000;4.000000000000;4.000000000000;4.000000000000;4.000000000000;4.000000000000;4.000000000000;4.000000000000;4.000000000000;3.000000000000;4.000000000000;4.000000000000;4.000000000000;4.000000000000;4.000000000000;3.000000000000;4.000000000000;4.000000000000;4.000000000000;4.000000000000;4.000000000000;4.000000000000;4.000000000000;3.000000000000;4.000000000000;4.000000000000;4.000000000000;4.000000000000
255.000000000000;Wanita;35 - 45 tahun;S1;20 - 25 tahun;15 - 20 tahun;4.000000000000;4.000000000000;4.000000000000;4.000000000000;4.000000000000;4.000000000000;3.000000000000;4.000000000000;4.000000000000;4.000000000000;4.000000000000;4.000000000000;4.000000000000;4.000000000000;3.000000000000;4.000000000000;4.000000000000;4.000000000000;4.000000000000;4.000000000000;4.000000000000;4.000000000000;4.000000000000;3.000000000000;4.000000000000;4.000000000000;4.000000000000;4.000000000000;4.000000000000;4.000000000000;4.000000000000;4.000000000000
256.000000000000;Wanita;35 - 45 tahun;S1;15 - 20 tahun;10 - 15 tahun;4.000000000000;4.000000000000;4.000000000000;4.000000000000;4.000000000000;4.000000000000;4.000000000000;4.000000000000;4.000000000000;3.000000000000;4.000000000000;4.000000000000;4.000000000000;4.000000000000;4.000000000000;4.000000000000;3.000000000000;2.000000000000;2.000000000000;4.000000000000;4.000000000000;4.000000000000;4.000000000000;4.000000000000;4.000000000000;4.000000000000;4.000000000000;4.000000000000;4.000000000000;4.000000000000;4.000000000000;4.000000000000
257.000000000000;Wanita;35 - 45 tahun;DIII;10 - 15 tahun;5 - 10 tahun;4.000000000000;4.000000000000;4.000000000000;4.000000000000;4.000000000000;4.000000000000;4.000000000000;3.000000000000;4.000000000000;4.000000000000;4.000000000000;4.000000000000;4.000000000000;4.000000000000;4.000000000000;3.000000000000;4.000000000000;4.000000000000;3.000000000000;4.000000000000;2.000000000000;4.000000000000;4.000000000000;4.000000000000;4.000000000000;4.000000000000;4.000000000000;4.000000000000;4.000000000000;4.000000000000;4.000000000000;4.000000000000
258.000000000000;Wanita;35 - 45 tahun;S1;10 - 15 tahun;5 - 10 tahun;4.000000000000;4.000000000000;4.000000000000;4.000000000000;4.000000000000;4.000000000000;4.000000000000;4.000000000000;4.000000000000;4.000000000000;4.000000000000;4.000000000000;4.000000000000;4.000000000000;4.000000000000;4.000000000000;4.000000000000;3.000000000000;4.000000000000;4.000000000000;4.000000000000;4.000000000000;4.000000000000;4.000000000000;4.000000000000;4.000000000000;4.000000000000;3.000000000000;4.000000000000;4.000000000000;4.000000000000;4.000000000000
259.000000000000;Wanita;35 - 45 tahun;S1;5 - 10 tahun;5 - 10 tahun;4.000000000000;4.000000000000;4.000000000000;4.000000000000;4.000000000000;4.000000000000;4.000000000000;4.000000000000;4.000000000000;3.000000000000;4.000000000000;4.000000000000;4.000000000000;4.000000000000;4.000000000000;4.000000000000;4.000000000000;3.000000000000;4.000000000000;4.000000000000;4.000000000000;4.000000000000;4.000000000000;4.000000000000;4.000000000000;4.000000000000;4.000000000000;4.000000000000;4.000000000000;4.000000000000;4.000000000000;4.000000000000
260.000000000000;Wanita;45 - 55 tahun;S1;> 30 tahun;20 - 25 tahun;4.000000000000;4.000000000000;3.000000000000;4.000000000000;4.000000000000;3.000000000000;4.000000000000;4.000000000000;4.000000000000;4.000000000000;3.000000000000;3.000000000000;4.000000000000;4.000000000000;4.000000000000;4.000000000000;4.000000000000;3.000000000000;4.000000000000;4.000000000000;4.000000000000;4.000000000000;4.000000000000;3.000000000000;4.000000000000;4.000000000000;4.000000000000;4.000000000000;4.000000000000;3.000000000000;4.000000000000;4.000000000000
261.000000000000;Wanita;45 - 55 tahun;S1;> 30 tahun;20 - 25 tahun;4.000000000000;3.000000000000;4.000000000000;4.000000000000;3.000000000000;4.000000000000;4.000000000000;4.000000000000;4.000000000000;4.000000000000;3.000000000000;4.000000000000;4.000000000000;4.000000000000;4.000000000000;4.000000000000;2.000000000000;3.000000000000;2.000000000000;4.000000000000;3.000000000000;4.000000000000;4.000000000000;4.000000000000;4.000000000000;4.000000000000;4.000000000000;3.000000000000;4.000000000000;4.000000000000;4.000000000000;4.000000000000
262.000000000000;Pria;45 - 55 tahun;S1;> 30 tahun;20 - 25 tahun;3.000000000000;4.000000000000;3.000000000000;4.000000000000;4.000000000000;4.000000000000;4.000000000000;3.000000000000;3.000000000000;4.000000000000;4.000000000000;4.000000000000;4.000000000000;3.000000000000;4.000000000000;4.000000000000;4.000000000000;4.000000000000;3.000000000000;4.000000000000;4.000000000000;4.000000000000;4.000000000000;3.000000000000;4.000000000000;4.000000000000;4.000000000000;4.000000000000;4.000000000000;4.000000000000;4.000000000000;4.000000000000
263.000000000000;Wanita;45 - 55 tahun;S1;> 30 tahun;20 - 25 tahun;4.000000000000;3.000000000000;4.000000000000;4.000000000000;4.000000000000;4.000000000000;3.000000000000;4.000000000000;4.000000000000;4.000000000000;4.000000000000;4.000000000000;4.000000000000;4.000000000000;3.000000000000;4.000000000000;4.000000000000;4.000000000000;4.000000000000;4.000000000000;4.000000000000;3.000000000000;4.000000000000;4.000000000000;4.000000000000;4.000000000000;4.000000000000;3.000000000000;4.000000000000;4.000000000000;4.000000000000;4.000000000000
264.000000000000;Pria;45 - 55 tahun;S1;> 30 tahun;20 - 25 tahun;4.000000000000;4.000000000000;4.000000000000;3.000000000000;4.000000000000;4.000000000000;4.000000000000;4.000000000000;4.000000000000;4.000000000000;4.000000000000;4.000000000000;3.000000000000;4.000000000000;4.000000000000;4.000000000000;4.000000000000;4.000000000000;4.000000000000;4.000000000000;3.000000000000;4.000000000000;4.000000000000;4.000000000000;4.000000000000;4.000000000000;4.000000000000;4.000000000000;4.000000000000;4.000000000000;4.000000000000;4.000000000000
265.000000000000;Wanita;45 - 55 tahun;S1;25 - 30 tahun;15 - 20 tahun;4.000000000000;4.000000000000;4.000000000000;4.000000000000;4.000000000000;4.000000000000;4.000000000000;4.000000000000;4.000000000000;4.000000000000;3.000000000000;4.000000000000;4.000000000000;4.000000000000;4.000000000000;4.000000000000;4.000000000000;4.000000000000;4.000000000000;4.000000000000;4.000000000000;4.000000000000;3.000000000000;4.000000000000;4.000000000000;4.000000000000;4.000000000000;4.000000000000;4.000000000000;4.000000000000;4.000000000000;4.000000000000
266.000000000000;Wanita;45 - 55 tahun;S1;25 - 30 tahun;15 - 20 tahun;4.000000000000;4.000000000000;4.000000000000;4.000000000000;4.000000000000;4.000000000000;4.000000000000;4.000000000000;4.000000000000;4.000000000000;4.000000000000;4.000000000000;4.000000000000;4.000000000000;4.000000000000;3.000000000000;4.000000000000;4.000000000000;4.000000000000;4.000000000000;4.000000000000;4.000000000000;4.000000000000;4.000000000000;4.000000000000;3.000000000000;4.000000000000;4.000000000000;4.000000000000;4.000000000000;4.000000000000;4.000000000000
267.000000000000;Wanita;45 - 55 tahun;S1;25 - 30 tahun;15 - 20 tahun;4.000000000000;4.000000000000;4.000000000000;3.000000000000;4.000000000000;4.000000000000;4.000000000000;4.000000000000;4.000000000000;4.000000000000;4.000000000000;4.000000000000;4.000000000000;4.000000000000;4.000000000000;4.000000000000;3.000000000000;4.000000000000;4.000000000000;4.000000000000;4.000000000000;4.000000000000;4.000000000000;4.000000000000;4.000000000000;4.000000000000;4.000000000000;4.000000000000;4.000000000000;4.000000000000;4.000000000000;4.000000000000
268.000000000000;Wanita;45 - 55 tahun;DIII;25 - 30 tahun;15 - 20 tahun;4.000000000000;4.000000000000;4.000000000000;4.000000000000;4.000000000000;4.000000000000;4.000000000000;4.000000000000;4.000000000000;4.000000000000;3.000000000000;4.000000000000;4.000000000000;4.000000000000;4.000000000000;4.000000000000;4.000000000000;4.000000000000;3.000000000000;4.000000000000;4.000000000000;4.000000000000;4.000000000000;4.000000000000;4.000000000000;3.000000000000;4.000000000000;4.000000000000;4.000000000000;4.000000000000;4.000000000000;4.000000000000
269.000000000000;Wanita;45 - 55 tahun;S1;25 - 30 tahun;15 - 20 tahun;4.000000000000;4.000000000000;4.000000000000;4.000000000000;4.000000000000;4.000000000000;4.000000000000;3.000000000000;4.000000000000;4.000000000000;4.000000000000;4.000000000000;4.000000000000;4.000000000000;4.000000000000;4.000000000000;4.000000000000;3.000000000000;3.000000000000;3.000000000000;4.000000000000;4.000000000000;4.000000000000;4.000000000000;3.000000000000;4.000000000000;4.000000000000;4.000000000000;4.000000000000;3.000000000000;4.000000000000;4.000000000000
270.000000000000;Pria;45 - 55 tahun;S1;25 - 30 tahun;15 - 20 tahun;4.000000000000;4.000000000000;4.000000000000;4.000000000000;4.000000000000;4.000000000000;4.000000000000;4.000000000000;4.000000000000;4.000000000000;4.000000000000;4.000000000000;4.000000000000;3.000000000000;4.000000000000;3.000000000000;4.000000000000;3.000000000000;4.000000000000;3.000000000000;4.000000000000;4.000000000000;4.000000000000;4.000000000000;4.000000000000;4.000000000000;3.000000000000;4.000000000000;4.000000000000;4.000000000000;4.000000000000;4.000000000000
271.000000000000;Pria;45 - 55 tahun;S1;20 - 25 tahun;15 - 20 tahun;4.000000000000;4.000000000000;4.000000000000;4.000000000000;4.000000000000;4.000000000000;4.000000000000;4.000000000000;4.000000000000;4.000000000000;4.000000000000;4.000000000000;4.000000000000;4.000000000000;4.000000000000;4.000000000000;3.000000000000;4.000000000000;4.000000000000;4.000000000000;4.000000000000;4.000000000000;4.000000000000;4.000000000000;4.000000000000;4.000000000000;4.000000000000;4.000000000000;4.000000000000;4.000000000000;4.000000000000;4.000000000000
272.000000000000;Pria;35 - 45 tahun;S1;20 - 25 tahun;15 - 20 tahun;4.000000000000;4.000000000000;4.000000000000;4.000000000000;4.000000000000;4.000000000000;4.000000000000;4.000000000000;4.000000000000;4.000000000000;4.000000000000;4.000000000000;4.000000000000;4.000000000000;4.000000000000;4.000000000000;4.000000000000;4.000000000000;3.000000000000;4.000000000000;4.000000000000;4.000000000000;3.000000000000;4.000000000000;4.000000000000;4.000000000000;3.000000000000;4.000000000000;4.000000000000;4.000000000000;4.000000000000;4.000000000000
273.000000000000;Pria;35 - 45 tahun;S1;20 - 25 tahun;15 - 20 tahun;4.000000000000;4.000000000000;3.000000000000;4.000000000000;4.000000000000;4.000000000000;4.000000000000;4.000000000000;3.000000000000;4.000000000000;4.000000000000;4.000000000000;4.000000000000;4.000000000000;4.000000000000;3.000000000000;4.000000000000;4.000000000000;2.000000000000;3.000000000000;4.000000000000;4.000000000000;4.000000000000;4.000000000000;4.000000000000;4.000000000000;4.000000000000;4.000000000000;4.000000000000;4.000000000000;4.000000000000;4.000000000000
274.000000000000;Wanita;45 - 55 tahun;S2;20 - 25 tahun;15 - 20 tahun;4.000000000000;4.000000000000;4.000000000000;4.000000000000;4.000000000000;4.000000000000;4.000000000000;4.000000000000;4.000000000000;4.000000000000;4.000000000000;4.000000000000;4.000000000000;4.000000000000;4.000000000000;4.000000000000;4.000000000000;4.000000000000;3.000000000000;4.000000000000;4.000000000000;3.000000000000;4.000000000000;4.000000000000;4.000000000000;4.000000000000;4.000000000000;4.000000000000;4.000000000000;4.000000000000;4.000000000000;4.000000000000
275.000000000000;Pria;35 - 45 tahun;S1;20 - 25 tahun;15 - 20 tahun;4.000000000000;3.000000000000;4.000000000000;4.000000000000;4.000000000000;4.000000000000;4.000000000000;4.000000000000;3.000000000000;4.000000000000;4.000000000000;4.000000000000;4.000000000000;4.000000000000;4.000000000000;4.000000000000;4.000000000000;4.000000000000;4.000000000000;3.000000000000;2.000000000000;4.000000000000;4.000000000000;4.000000000000;4.000000000000;4.000000000000;4.000000000000;4.000000000000;4.000000000000;4.000000000000;4.000000000000;4.000000000000
276.000000000000;Pria;35 - 45 tahun;S1;20 - 25 tahun;15 - 20 tahun;3.000000000000;4.000000000000;4.000000000000;4.000000000000;4.000000000000;4.000000000000;4.000000000000;4.000000000000;4.000000000000;3.000000000000;4.000000000000;4.000000000000;4.000000000000;4.000000000000;4.000000000000;4.000000000000;3.000000000000;4.000000000000;3.000000000000;4.000000000000;4.000000000000;4.000000000000;4.000000000000;4.000000000000;4.000000000000;3.000000000000;4.000000000000;4.000000000000;4.000000000000;4.000000000000;4.000000000000;4.000000000000
277.000000000000;Pria;35 - 45 tahun;S1;20 - 25 tahun;15 - 20 tahun;4.000000000000;4.000000000000;4.000000000000;4.000000000000;4.000000000000;4.000000000000;4.000000000000;3.000000000000;4.000000000000;4.000000000000;4.000000000000;4.000000000000;4.000000000000;4.000000000000;4.000000000000;4.000000000000;2.000000000000;3.000000000000;4.000000000000;3.000000000000;4.000000000000;4.000000000000;4.000000000000;4.000000000000;3.000000000000;4.000000000000;4.000000000000;4.000000000000;4.000000000000;4.000000000000;4.000000000000;4.000000000000
278.000000000000;Pria;35 - 45 tahun;S1;20 - 25 tahun;15 - 20 tahun;4.000000000000;4.000000000000;4.000000000000;4.000000000000;4.000000000000;4.000000000000;4.000000000000;4.000000000000;4.000000000000;3.000000000000;4.000000000000;4.000000000000;4.000000000000;4.000000000000;4.000000000000;4.000000000000;2.000000000000;4.000000000000;3.000000000000;3.000000000000;4.000000000000;2.000000000000;4.000000000000;4.000000000000;4.000000000000;4.000000000000;4.000000000000;4.000000000000;4.000000000000;4.000000000000;4.000000000000;4.000000000000
279.000000000000;Pria;35 - 45 tahun;S1;20 - 25 tahun;15 - 20 tahun;4.000000000000;4.000000000000;4.000000000000;4.000000000000;4.000000000000;4.000000000000;4.000000000000;4.000000000000;4.000000000000;3.000000000000;4.000000000000;4.000000000000;4.000000000000;4.000000000000;4.000000000000;4.000000000000;4.000000000000;3.000000000000;4.000000000000;3.000000000000;4.000000000000;3.000000000000;4.000000000000;4.000000000000;3.000000000000;4.000000000000;4.000000000000;4.000000000000;4.000000000000;4.000000000000;4.000000000000;4.000000000000
280.000000000000;Pria;35 - 45 tahun;S2;20 - 25 tahun;15 - 20 tahun;4.000000000000;4.000000000000;4.000000000000;4.000000000000;4.000000000000;4.000000000000;3.000000000000;4.000000000000;4.000000000000;4.000000000000;4.000000000000;4.000000000000;4.000000000000;4.000000000000;4.000000000000;4.000000000000;4.000000000000;4.000000000000;4.000000000000;3.000000000000;4.000000000000;2.000000000000;4.000000000000;4.000000000000;4.000000000000;4.000000000000;4.000000000000;4.000000000000;4.000000000000;4.000000000000;4.000000000000;4.000000000000
281.000000000000;Wanita;35 - 45 tahun;S1;20 - 25 tahun;15 - 20 tahun;4.000000000000;4.000000000000;4.000000000000;4.000000000000;4.000000000000;4.000000000000;4.000000000000;3.000000000000;4.000000000000;4.000000000000;4.000000000000;4.000000000000;4.000000000000;4.000000000000;4.000000000000;4.000000000000;3.000000000000;4.000000000000;4.000000000000;2.000000000000;3.000000000000;3.000000000000;4.000000000000;3.000000000000;4.000000000000;4.000000000000;4.000000000000;4.000000000000;4.000000000000;4.000000000000;4.000000000000;4.000000000000
282.000000000000;Wanita;35 - 45 tahun;S1;20 - 25 tahun;15 - 20 tahun;4.000000000000;3.000000000000;4.000000000000;4.000000000000;4.000000000000;4.000000000000;4.000000000000;4.000000000000;4.000000000000;4.000000000000;4.000000000000;4.000000000000;4.000000000000;4.000000000000;4.000000000000;4.000000000000;4.000000000000;4.000000000000;4.000000000000;4.000000000000;2.000000000000;4.000000000000;4.000000000000;4.000000000000;4.000000000000;4.000000000000;4.000000000000;4.000000000000;4.000000000000;4.000000000000;4.000000000000;4.000000000000
283.000000000000;Wanita;35 - 45 tahun;S1;20 - 25 tahun;15 - 20 tahun;4.000000000000;4.000000000000;3.000000000000;4.000000000000;4.000000000000;4.000000000000;4.000000000000;4.000000000000;4.000000000000;4.000000000000;4.000000000000;4.000000000000;4.000000000000;4.000000000000;4.000000000000;4.000000000000;4.000000000000;4.000000000000;3.000000000000;3.000000000000;4.000000000000;2.000000000000;4.000000000000;4.000000000000;4.000000000000;4.000000000000;4.000000000000;4.000000000000;4.000000000000;4.000000000000;4.000000000000;4.000000000000
284.000000000000;Pria;35 - 45 tahun;S1;15 - 20 tahun;10 - 15 tahun;4.000000000000;4.000000000000;4.000000000000;4.000000000000;4.000000000000;4.000000000000;4.000000000000;3.000000000000;4.000000000000;4.000000000000;4.000000000000;4.000000000000;4.000000000000;4.000000000000;4.000000000000;2.000000000000;4.000000000000;4.000000000000;3.000000000000;4.000000000000;4.000000000000;4.000000000000;4.000000000000;4.000000000000;4.000000000000;4.000000000000;4.000000000000;4.000000000000;4.000000000000;4.000000000000;4.000000000000;4.000000000000
285.000000000000;Pria;35 - 45 tahun;S1;15 - 20 tahun;10 - 15 tahun;4.000000000000;4.000000000000;4.000000000000;4.000000000000;4.000000000000;4.000000000000;4.000000000000;4.000000000000;4.000000000000;4.000000000000;4.000000000000;3.000000000000;4.000000000000;4.000000000000;4.000000000000;4.000000000000;3.000000000000;3.000000000000;4.000000000000;3.000000000000;4.000000000000;4.000000000000;4.000000000000;4.000000000000;4.000000000000;4.000000000000;4.000000000000;4.000000000000;4.000000000000;4.000000000000;4.000000000000;4.000000000000
286.000000000000;Pria;35 - 45 tahun;S1;15 - 20 tahun;10 - 15 tahun;4.000000000000;4.000000000000;4.000000000000;4.000000000000;4.000000000000;4.000000000000;4.000000000000;4.000000000000;4.000000000000;3.000000000000;4.000000000000;4.000000000000;4.000000000000;4.000000000000;4.000000000000;4.000000000000;4.000000000000;3.000000000000;4.000000000000;4.000000000000;4.000000000000;2.000000000000;4.000000000000;4.000000000000;4.000000000000;4.000000000000;4.000000000000;4.000000000000;4.000000000000;4.000000000000;4.000000000000;4.000000000000
287.000000000000;Pria;35 - 45 tahun;S1;15 - 20 tahun;10 - 15 tahun;4.000000000000;4.000000000000;4.000000000000;4.000000000000;4.000000000000;4.000000000000;4.000000000000;4.000000000000;4.000000000000;4.000000000000;4.000000000000;4.000000000000;4.000000000000;4.000000000000;4.000000000000;3.000000000000;4.000000000000;4.000000000000;2.000000000000;4.000000000000;3.000000000000;4.000000000000;4.000000000000;4.000000000000;4.000000000000;4.000000000000;4.000000000000;4.000000000000;4.000000000000;4.000000000000;4.000000000000;4.000000000000
288.000000000000;Pria;35 - 45 tahun;S1;15 - 20 tahun;10 - 15 tahun;4.000000000000;4.000000000000;4.000000000000;4.000000000000;4.000000000000;4.000000000000;4.000000000000;3.000000000000;4.000000000000;4.000000000000;4.000000000000;4.000000000000;4.000000000000;4.000000000000;4.000000000000;4.000000000000;3.000000000000;2.000000000000;4.000000000000;4.000000000000;4.000000000000;4.000000000000;4.000000000000;4.000000000000;4.000000000000;4.000000000000;3.000000000000;4.000000000000;4.000000000000;4.000000000000;4.000000000000;4.000000000000
289.000000000000;Wanita;35 - 45 tahun;S1;15 - 20 tahun;10 - 15 tahun;4.000000000000;4.000000000000;4.000000000000;4.000000000000;4.000000000000;4.000000000000;4.000000000000;4.000000000000;4.000000000000;4.000000000000;4.000000000000;4.000000000000;4.000000000000;4.000000000000;3.000000000000;4.000000000000;4.000000000000;4.000000000000;4.000000000000;4.000000000000;4.000000000000;4.000000000000;4.000000000000;4.000000000000;4.000000000000;4.000000000000;4.000000000000;4.000000000000;4.000000000000;4.000000000000;4.000000000000;4.000000000000
290.000000000000;Pria;35 - 45 tahun;S2;15 - 20 tahun;10 - 15 tahun;4.000000000000;4.000000000000;4.000000000000;4.000000000000;4.000000000000;4.000000000000;4.000000000000;4.000000000000;4.000000000000;4.000000000000;4.000000000000;4.000000000000;4.000000000000;4.000000000000;4.000000000000;4.000000000000;4.000000000000;4.000000000000;3.000000000000;4.000000000000;4.000000000000;4.000000000000;4.000000000000;4.000000000000;4.000000000000;4.000000000000;4.000000000000;4.000000000000;4.000000000000;4.000000000000;4.000000000000;4.000000000000
291.000000000000;Pria;35 - 45 tahun;S1;15 - 20 tahun;10 - 15 tahun;4.000000000000;4.000000000000;4.000000000000;4.000000000000;4.000000000000;4.000000000000;4.000000000000;4.000000000000;4.000000000000;4.000000000000;4.000000000000;4.000000000000;4.000000000000;4.000000000000;4.000000000000;4.000000000000;3.000000000000;4.000000000000;4.000000000000;4.000000000000;3.000000000000;4.000000000000;3.000000000000;4.000000000000;4.000000000000;4.000000000000;4.000000000000;4.000000000000;4.000000000000;4.000000000000;4.000000000000;4.000000000000
292.000000000000;Pria;35 - 45 tahun;S1;15 - 20 tahun;10 - 15 tahun;4.000000000000;4.000000000000;4.000000000000;4.000000000000;4.000000000000;4.000000000000;4.000000000000;4.000000000000;4.000000000000;4.000000000000;4.000000000000;4.000000000000;4.000000000000;4.000000000000;4.000000000000;4.000000000000;4.000000000000;4.000000000000;4.000000000000;4.000000000000;4.000000000000;4.000000000000;4.000000000000;3.000000000000;4.000000000000;4.000000000000;4.000000000000;4.000000000000;4.000000000000;4.000000000000;4.000000000000;4.000000000000
293.000000000000;Wanita;35 - 45 tahun;S1;15 - 20 tahun;10 - 15 tahun;4.000000000000;4.000000000000;4.000000000000;4.000000000000;4.000000000000;4.000000000000;4.000000000000;4.000000000000;4.000000000000;4.000000000000;4.000000000000;4.000000000000;4.000000000000;4.000000000000;4.000000000000;4.000000000000;4.000000000000;4.000000000000;4.000000000000;4.000000000000;4.000000000000;3.000000000000;4.000000000000;4.000000000000;4.000000000000;4.000000000000;4.000000000000;4.000000000000;4.000000000000;4.000000000000;4.000000000000;4.000000000000
294.000000000000;Pria;35 - 45 tahun;S1;15 - 20 tahun;10 - 15 tahun;4.000000000000;4.000000000000;4.000000000000;4.000000000000;4.000000000000;4.000000000000;4.000000000000;4.000000000000;4.000000000000;4.000000000000;4.000000000000;4.000000000000;4.000000000000;4.000000000000;4.000000000000;4.000000000000;3.000000000000;4.000000000000;4.000000000000;4.000000000000;4.000000000000;4.000000000000;4.000000000000;4.000000000000;4.000000000000;4.000000000000;4.000000000000;4.000000000000;4.000000000000;4.000000000000;4.000000000000;4.000000000000
295.000000000000;Wanita;45 - 55 tahun;S1;25 - 30 tahun;20 - 25 tahun;4.000000000000;4.000000000000;4.000000000000;4.000000000000;4.000000000000;4.000000000000;4.000000000000;3.000000000000;4.000000000000;4.000000000000;3.000000000000;4.000000000000;4.000000000000;4.000000000000;4.000000000000;4.000000000000;4.000000000000;4.000000000000;4.000000000000;4.000000000000;4.000000000000;4.000000000000;4.000000000000;4.000000000000;4.000000000000;4.000000000000;4.000000000000;4.000000000000;4.000000000000;4.000000000000;4.000000000000;4.000000000000
296.000000000000;Wanita;45 - 55 tahun;S1;25 - 30 tahun;20 - 25 tahun;4.000000000000;4.000000000000;4.000000000000;4.000000000000;4.000000000000;4.000000000000;4.000000000000;4.000000000000;4.000000000000;4.000000000000;3.000000000000;4.000000000000;3.000000000000;4.000000000000;4.000000000000;4.000000000000;3.000000000000;4.000000000000;4.000000000000;4.000000000000;4.000000000000;4.000000000000;4.000000000000;3.000000000000;4.000000000000;4.000000000000;4.000000000000;4.000000000000;4.000000000000;4.000000000000;4.000000000000;4.000000000000
297.000000000000;Wanita;45 - 55 tahun;S1;25 - 30 tahun;20 - 25 tahun;4.000000000000;4.000000000000;4.000000000000;4.000000000000;4.000000000000;4.000000000000;4.000000000000;4.000000000000;4.000000000000;4.000000000000;4.000000000000;4.000000000000;4.000000000000;4.000000000000;4.000000000000;3.000000000000;4.000000000000;4.000000000000;4.000000000000;4.000000000000;4.000000000000;4.000000000000;4.000000000000;4.000000000000;4.000000000000;4.000000000000;4.000000000000;3.000000000000;4.000000000000;4.000000000000;4.000000000000;4.000000000000
298.000000000000;Wanita;45 - 55 tahun;S1;20 - 25 tahun;15 - 20 tahun;4.000000000000;4.000000000000;4.000000000000;4.000000000000;4.000000000000;4.000000000000;4.000000000000;3.000000000000;4.000000000000;4.000000000000;4.000000000000;4.000000000000;3.000000000000;4.000000000000;4.000000000000;4.000000000000;4.000000000000;4.000000000000;4.000000000000;4.000000000000;4.000000000000;3.000000000000;4.000000000000;4.000000000000;4.000000000000;4.000000000000;3.000000000000;4.000000000000;4.000000000000;4.000000000000;4.000000000000;4.000000000000
299.000000000000;Pria;35 - 45 tahun;S1;10 - 15 tahun;5 - 10 tahun;4.000000000000;4.000000000000;4.000000000000;4.000000000000;4.000000000000;4.000000000000;4.000000000000;4.000000000000;3.000000000000;4.000000000000;4.000000000000;4.000000000000;4.000000000000;4.000000000000;4.000000000000;4.000000000000;4.000000000000;4.000000000000;4.000000000000;3.000000000000;4.000000000000;4.000000000000;4.000000000000;4.000000000000;4.000000000000;4.000000000000;4.000000000000;4.000000000000;4.000000000000;4.000000000000;4.000000000000;4.000000000000
300.000000000000;Wanita;35 - 45 tahun;S1;20 - 25 tahun;15 - 20 tahun;4.000000000000;4.000000000000;4.000000000000;4.000000000000;4.000000000000;3.000000000000;4.000000000000;4.000000000000;4.000000000000;4.000000000000;4.000000000000;4.000000000000;4.000000000000;4.000000000000;4.000000000000;2.000000000000;3.000000000000;4.000000000000;4.000000000000;4.000000000000;4.000000000000;4.000000000000;4.000000000000;4.000000000000;4.000000000000;4.000000000000;4.000000000000;4.000000000000;4.000000000000;4.000000000000;4.000000000000;4.000000000000
301.000000000000;Pria;25 - 35 tahun;S1;10 - 15 tahun;5 - 10 tahun;4.000000000000;4.000000000000;4.000000000000;4.000000000000;4.000000000000;4.000000000000;4.000000000000;4.000000000000;4.000000000000;4.000000000000;4.000000000000;4.000000000000;4.000000000000;3.000000000000;4.000000000000;4.000000000000;4.000000000000;4.000000000000;4.000000000000;4.000000000000;4.000000000000;4.000000000000;4.000000000000;4.000000000000;4.000000000000;4.000000000000;3.000000000000;4.000000000000;4.000000000000;4.000000000000;4.000000000000;4.000000000000
302.000000000000;Wanita;35 - 45 tahun;S1;15 - 20 tahun;10 - 15 tahun;4.000000000000;4.000000000000;4.000000000000;4.000000000000;4.000000000000;4.000000000000;4.000000000000;4.000000000000;4.000000000000;3.000000000000;4.000000000000;4.000000000000;4.000000000000;4.000000000000;4.000000000000;3.000000000000;4.000000000000;4.000000000000;4.000000000000;4.000000000000;4.000000000000;4.000000000000;4.000000000000;4.000000000000;4.000000000000;4.000000000000;4.000000000000;4.000000000000;4.000000000000;4.000000000000;4.000000000000;4.000000000000
303.000000000000;Wanita;35 - 45 tahun;S1;15 - 20 tahun;10 - 15 tahun;4.000000000000;4.000000000000;4.000000000000;4.000000000000;4.000000000000;4.000000000000;4.000000000000;3.000000000000;4.000000000000;4.000000000000;4.000000000000;3.000000000000;4.000000000000;4.000000000000;4.000000000000;3.000000000000;4.000000000000;3.000000000000;4.000000000000;4.000000000000;4.000000000000;4.000000000000;4.000000000000;4.000000000000;4.000000000000;4.000000000000;4.000000000000;3.000000000000;4.000000000000;4.000000000000;4.000000000000;4.000000000000
304.000000000000;Wanita;35 - 45 tahun;S2;10 - 15 tahun;5 - 10 tahun;4.000000000000;4.000000000000;4.000000000000;3.000000000000;4.000000000000;4.000000000000;4.000000000000;4.000000000000;4.000000000000;4.000000000000;4.000000000000;4.000000000000;4.000000000000;4.000000000000;4.000000000000;3.000000000000;4.000000000000;4.000000000000;4.000000000000;4.000000000000;4.000000000000;3.000000000000;4.000000000000;4.000000000000;4.000000000000;4.000000000000;4.000000000000;4.000000000000;4.000000000000;4.000000000000;4.000000000000;4.000000000000
305.000000000000;Wanita;35 - 45 tahun;S1;15 - 20 tahun;10 - 15 tahun;4.000000000000;4.000000000000;4.000000000000;3.000000000000;4.000000000000;4.000000000000;4.000000000000;4.000000000000;4.000000000000;4.000000000000;4.000000000000;3.000000000000;4.000000000000;4.000000000000;4.000000000000;2.000000000000;4.000000000000;3.000000000000;4.000000000000;4.000000000000;4.000000000000;4.000000000000;4.000000000000;4.000000000000;4.000000000000;4.000000000000;4.000000000000;4.000000000000;4.000000000000;4.000000000000;4.000000000000;4.000000000000
306.000000000000;Wanita;35 - 45 tahun;S1;15 - 20 tahun;10 - 15 tahun;4.000000000000;4.000000000000;4.000000000000;4.000000000000;4.000000000000;4.000000000000;4.000000000000;4.000000000000;4.000000000000;4.000000000000;4.000000000000;4.000000000000;4.000000000000;3.000000000000;4.000000000000;4.000000000000;4.000000000000;4.000000000000;4.000000000000;4.000000000000;4.000000000000;4.000000000000;4.000000000000;4.000000000000;3.000000000000;4.000000000000;4.000000000000;4.000000000000;4.000000000000;4.000000000000;4.000000000000;4.000000000000
307.000000000000;Wanita;35 - 45 tahun;S1;15 - 20 tahun;10 - 15 tahun;4.000000000000;4.000000000000;4.000000000000;4.000000000000;4.000000000000;4.000000000000;4.000000000000;4.000000000000;4.000000000000;4.000000000000;4.000000000000;4.000000000000;3.000000000000;4.000000000000;4.000000000000;2.000000000000;4.000000000000;4.000000000000;4.000000000000;4.000000000000;4.000000000000;3.000000000000;4.000000000000;4.000000000000;4.000000000000;4.000000000000;4.000000000000;4.000000000000;4.000000000000;3.000000000000;4.000000000000;4.000000000000
308.000000000000;Wanita;25 - 35 tahun;S1;10 - 15 tahun;5 - 10 tahun;4.000000000000;4.000000000000;4.000000000000;4.000000000000;4.000000000000;4.000000000000;4.000000000000;4.000000000000;4.000000000000;4.000000000000;4.000000000000;4.000000000000;4.000000000000;3.000000000000;4.000000000000;4.000000000000;4.000000000000;4.000000000000;4.000000000000;4.000000000000;4.000000000000;4.000000000000;4.000000000000;4.000000000000;4.000000000000;4.000000000000;3.000000000000;4.000000000000;4.000000000000;4.000000000000;4.000000000000;4.000000000000
309.000000000000;Pria;45 - 55 tahun;S1;25 - 30 tahun;20 - 25 tahun;3.000000000000;4.000000000000;4.000000000000;4.000000000000;4.000000000000;3.000000000000;4.000000000000;4.000000000000;4.000000000000;4.000000000000;4.000000000000;4.000000000000;3.000000000000;4.000000000000;4.000000000000;4.000000000000;4.000000000000;4.000000000000;4.000000000000;4.000000000000;4.000000000000;4.000000000000;4.000000000000;3.000000000000;4.000000000000;4.000000000000;4.000000000000;4.000000000000;4.000000000000;4.000000000000;4.000000000000;4.000000000000
310.000000000000;Pria;45 - 55 tahun;S1;25 - 30 tahun;20 - 25 tahun;4.000000000000;4.000000000000;4.000000000000;4.000000000000;4.000000000000;4.000000000000;3.000000000000;4.000000000000;4.000000000000;4.000000000000;4.000000000000;3.000000000000;4.000000000000;4.000000000000;4.000000000000;3.000000000000;4.000000000000;3.000000000000;4.000000000000;4.000000000000;4.000000000000;4.000000000000;4.000000000000;4.000000000000;4.000000000000;4.000000000000;4.000000000000;4.000000000000;4.000000000000;4.000000000000;4.000000000000;3.000000000000
311.000000000000;Pria;45 - 55 tahun;S1;20 - 25 tahun;15 - 20 tahun;4.000000000000;4.000000000000;4.000000000000;4.000000000000;4.000000000000;4.000000000000;4.000000000000;4.000000000000;4.000000000000;3.000000000000;4.000000000000;3.000000000000;4.000000000000;4.000000000000;4.000000000000;4.000000000000;4.000000000000;4.000000000000;4.000000000000;4.000000000000;4.000000000000;3.000000000000;4.000000000000;4.000000000000;4.000000000000;4.000000000000;4.000000000000;3.000000000000;4.000000000000;4.000000000000;4.000000000000;4.000000000000
312.000000000000;Pria;35 - 45 tahun;S2;20 - 25 tahun;15 - 20 tahun;4.000000000000;4.000000000000;4.000000000000;4.000000000000;4.000000000000;4.000000000000;4.000000000000;4.000000000000;4.000000000000;3.000000000000;4.000000000000;4.000000000000;4.000000000000;4.000000000000;4.000000000000;4.000000000000;4.000000000000;4.000000000000;4.000000000000;4.000000000000;4.000000000000;4.000000000000;4.000000000000;3.000000000000;4.000000000000;4.000000000000;4.000000000000;4.000000000000;4.000000000000;4.000000000000;4.000000000000;4.000000000000
313.000000000000;Wanita;35 - 45 tahun;S1;10 - 15 tahun;5 - 10 tahun;4.000000000000;4.000000000000;4.000000000000;4.000000000000;3.000000000000;4.000000000000;4.000000000000;4.000000000000;4.000000000000;4.000000000000;4.000000000000;4.000000000000;4.000000000000;4.000000000000;3.000000000000;4.000000000000;4.000000000000;4.000000000000;4.000000000000;3.000000000000;4.000000000000;4.000000000000;4.000000000000;4.000000000000;4.000000000000;4.000000000000;4.000000000000;4.000000000000;4.000000000000;4.000000000000;4.000000000000;4.000000000000
314.000000000000;Wanita;35 - 45 tahun;S1;10 - 15 tahun;5 - 10 tahun;4.000000000000;4.000000000000;4.000000000000;4.000000000000;4.000000000000;4.000000000000;4.000000000000;4.000000000000;3.000000000000;4.000000000000;4.000000000000;4.000000000000;4.000000000000;4.000000000000;4.000000000000;3.000000000000;4.000000000000;4.000000000000;4.000000000000;4.000000000000;4.000000000000;3.000000000000;4.000000000000;4.000000000000;3.000000000000;4.000000000000;4.000000000000;4.000000000000;4.000000000000;4.000000000000;4.000000000000;4.000000000000
315.000000000000;Pria;35 - 45 tahun;S1;20 - 25 tahun;15 - 20 tahun;4.000000000000;4.000000000000;3.000000000000;4.000000000000;4.000000000000;4.000000000000;4.000000000000;4.000000000000;4.000000000000;4.000000000000;4.000000000000;4.000000000000;4.000000000000;4.000000000000;4.000000000000;4.000000000000;4.000000000000;4.000000000000;4.000000000000;3.000000000000;4.000000000000;4.000000000000;4.000000000000;4.000000000000;4.000000000000;4.000000000000;4.000000000000;4.000000000000;4.000000000000;4.000000000000;4.000000000000;4.000000000000
316.000000000000;Pria;35 - 45 tahun;S1;20 - 25 tahun;15 - 20 tahun;4.000000000000;4.000000000000;4.000000000000;4.000000000000;4.000000000000;4.000000000000;4.000000000000;4.000000000000;4.000000000000;4.000000000000;4.000000000000;4.000000000000;4.000000000000;4.000000000000;4.000000000000;3.000000000000;4.000000000000;4.000000000000;4.000000000000;4.000000000000;3.000000000000;4.000000000000;4.000000000000;4.000000000000;3.000000000000;4.000000000000;4.000000000000;4.000000000000;4.000000000000;4.000000000000;4.000000000000;4.000000000000
317.000000000000;Pria;35 - 45 tahun;DIII;20 - 25 tahun;15 - 20 tahun;4.000000000000;4.000000000000;4.000000000000;4.000000000000;4.000000000000;4.000000000000;4.000000000000;4.000000000000;4.000000000000;4.000000000000;3.000000000000;4.000000000000;4.000000000000;4.000000000000;4.000000000000;3.000000000000;4.000000000000;4.000000000000;4.000000000000;4.000000000000;4.000000000000;4.000000000000;4.000000000000;3.000000000000;4.000000000000;4.000000000000;4.000000000000;4.000000000000;4.000000000000;4.000000000000;4.000000000000;4.000000000000
318.000000000000;Pria;35 - 45 tahun;S1;20 - 25 tahun;15 - 20 tahun;4.000000000000;4.000000000000;3.000000000000;4.000000000000;4.000000000000;4.000000000000;4.000000000000;4.000000000000;4.000000000000;4.000000000000;4.000000000000;4.000000000000;4.000000000000;4.000000000000;4.000000000000;4.000000000000;4.000000000000;4.000000000000;4.000000000000;4.000000000000;4.000000000000;4.000000000000;4.000000000000;4.000000000000;4.000000000000;3.000000000000;4.000000000000;4.000000000000;4.000000000000;4.000000000000;4.000000000000;4.000000000000
319.000000000000;Pria;35 - 45 tahun;S1;20 - 25 tahun;15 - 20 tahun;4.000000000000;4.000000000000;4.000000000000;4.000000000000;4.000000000000;4.000000000000;3.000000000000;4.000000000000;4.000000000000;4.000000000000;4.000000000000;4.000000000000;4.000000000000;4.000000000000;4.000000000000;4.000000000000;4.000000000000;4.000000000000;4.000000000000;4.000000000000;4.000000000000;4.000000000000;4.000000000000;4.000000000000;3.000000000000;4.000000000000;4.000000000000;4.000000000000;4.000000000000;4.000000000000;4.000000000000;4.000000000000
320.000000000000;Pria;35 - 45 tahun;S1;15 - 20 tahun;15 - 20 tahun;4.000000000000;4.000000000000;4.000000000000;4.000000000000;4.000000000000;4.000000000000;4.000000000000;4.000000000000;4.000000000000;4.000000000000;4.000000000000;4.000000000000;3.000000000000;4.000000000000;4.000000000000;4.000000000000;4.000000000000;4.000000000000;4.000000000000;4.000000000000;4.000000000000;4.000000000000;4.000000000000;4.000000000000;4.000000000000;4.000000000000;3.000000000000;4.000000000000;4.000000000000;4.000000000000;4.000000000000;4.000000000000
321.000000000000;Pria;35 - 45 tahun;S1;15 - 20 tahun;15 - 20 tahun;4.000000000000;4.000000000000;4.000000000000;4.000000000000;4.000000000000;3.000000000000;4.000000000000;4.000000000000;4.000000000000;4.000000000000;4.000000000000;4.000000000000;4.000000000000;4.000000000000;4.000000000000;2.000000000000;4.000000000000;3.000000000000;4.000000000000;4.000000000000;4.000000000000;4.000000000000;3.000000000000;4.000000000000;4.000000000000;4.000000000000;3.000000000000;4.000000000000;4.000000000000;4.000000000000;4.000000000000;4.000000000000
322.000000000000;Pria;35 - 45 tahun;S1;15 - 20 tahun;10 - 15 tahun;4.000000000000;4.000000000000;4.000000000000;4.000000000000;4.000000000000;4.000000000000;4.000000000000;4.000000000000;4.000000000000;4.000000000000;4.000000000000;3.000000000000;4.000000000000;4.000000000000;4.000000000000;4.000000000000;4.000000000000;4.000000000000;4.000000000000;3.000000000000;4.000000000000;4.000000000000;4.000000000000;4.000000000000;4.000000000000;4.000000000000;4.000000000000;4.000000000000;4.000000000000;4.000000000000;4.000000000000;4.000000000000
323.000000000000;Pria;35 - 45 tahun;S1;15 - 20 tahun;10 - 15 tahun;4.000000000000;4.000000000000;4.000000000000;4.000000000000;4.000000000000;4.000000000000;4.000000000000;4.000000000000;4.000000000000;4.000000000000;4.000000000000;4.000000000000;4.000000000000;4.000000000000;4.000000000000;3.000000000000;4.000000000000;4.000000000000;4.000000000000;4.000000000000;4.000000000000;4.000000000000;3.000000000000;4.000000000000;4.000000000000;4.000000000000;4.000000000000;4.000000000000;4.000000000000;4.000000000000;4.000000000000;4.000000000000
324.000000000000;Pria;35 - 45 tahun;S2;15 - 20 tahun;10 - 15 tahun;4.000000000000;4.000000000000;4.000000000000;3.000000000000;4.000000000000;4.000000000000;4.000000000000;4.000000000000;4.000000000000;4.000000000000;4.000000000000;4.000000000000;4.000000000000;4.000000000000;4.000000000000;4.000000000000;4.000000000000;4.000000000000;3.000000000000;4.000000000000;4.000000000000;4.000000000000;4.000000000000;4.000000000000;4.000000000000;4.000000000000;4.000000000000;4.000000000000;4.000000000000;4.000000000000;4.000000000000;4.000000000000
325.000000000000;Pria;35 - 45 tahun;S1;15 - 20 tahun;10 - 15 tahun;4.000000000000;4.000000000000;4.000000000000;4.000000000000;4.000000000000;4.000000000000;4.000000000000;4.000000000000;4.000000000000;3.000000000000;4.000000000000;4.000000000000;4.000000000000;4.000000000000;3.000000000000;4.000000000000;4.000000000000;4.000000000000;4.000000000000;4.000000000000;4.000000000000;4.000000000000;4.000000000000;4.000000000000;4.000000000000;4.000000000000;3.000000000000;4.000000000000;4.000000000000;4.000000000000;4.000000000000;4.000000000000
326.000000000000;Pria;35 - 45 tahun;S1;10 - 15 tahun;5 - 10 tahun;4.000000000000;4.000000000000;3.000000000000;4.000000000000;4.000000000000;4.000000000000;4.000000000000;4.000000000000;4.000000000000;4.000000000000;3.000000000000;4.000000000000;4.000000000000;4.000000000000;4.000000000000;4.000000000000;4.000000000000;3.000000000000;4.000000000000;4.000000000000;4.000000000000;4.000000000000;4.000000000000;4.000000000000;4.000000000000;4.000000000000;4.000000000000;4.000000000000;4.000000000000;3.000000000000;4.000000000000;4.000000000000
